ID da Transação,Valor da Transação (R$),Data da Transação,Hora da Transação,Instituição Financeira,Tipo da Transação
1,"756,94",09/09/2025,13:12,Nubank,débito
2,"1088,25",23/12/2025,03:50,Nubank,Pix
3,"1020,93",26/01/2025,15:01,Caixa,Pix
4,"291,36",01/01/2025,16:24,Nubank,crédito
5,"191,57",18/02/2025,07:11,Caixa,débito
6,"1294,19",25/06/2025,01:46,BB,Pix
7,"549,4",29/07/2025,23:02,Caixa,crédito
8,"126,13",21/04/2025,17:03,BB,Pix
9,"45,4",06/06/2025,12:39,Nubank,crédito
10,"82,56",08/09/2025,20:30,Caixa,Pix
11,"351,93",21/02/2025,14:40,Caixa,débito
12,"645,52",20/03/2025,13:01,Caixa,débito
13,"1461,62",03/09/2025,14:25,Caixa,débito
14,"945,72",21/10/2025,19:53,BB,crédito
15,"1176,57",20/09/2025,11:28,Nubank,débito
16,"1253,95",19/03/2025,23:55,Caixa,débito
17,"990,93",12/10/2025,23:48,Nubank,Pix
18,"829,83",03/08/2025,16:08,Caixa,débito
19,"316,77",19/10/2025,12:56,Caixa,crédito
20,"1110,59",28/11/2025,23:39,BB,Pix
21,"1116,9",13/01/2025,12:29,BB,débito
22,"516,79",27/12/2025,06:38,Nubank,débito
23,"757,57",14/11/2025,23:06,Nubank,crédito
24,"385,15",27/02/2025,18:21,BB,Pix
25,"1170,17",21/06/2025,17:46,Nubank,Pix
26,"798,94",25/02/2025,00:40,Nubank,crédito
27,"826,92",23/06/2025,17:20,Nubank,crédito
28,"1246,85",24/05/2025,07:20,Nubank,crédito
29,"185,38",24/10/2025,08:52,Caixa,crédito
30,"838,86",24/08/2025,07:42,BB,crédito
31,"1441,53",23/09/2025,01:31,Caixa,crédito
32,"720,46",03/12/2025,09:13,BB,débito
33,"27,95",01/05/2025,01:02,Nubank,crédito
34,"562,34",11/10/2025,12:36,Caixa,débito
35,"450,88",15/05/2025,04:23,Nubank,Pix
36,"1036,35",08/03/2025,17:22,Nubank,Pix
37,"1075,8",07/09/2025,08:44,Caixa,débito
38,"894,32",27/05/2025,07:58,Nubank,crédito
39,"369,32",11/04/2025,14:29,Nubank,Pix
40,"1324,89",12/02/2025,23:15,Nubank,Pix
41,"975,91",30/06/2025,16:41,Caixa,débito
42,"1469,6",08/06/2025,11:22,BB,Pix
43,"963,65",19/02/2025,22:14,BB,crédito
44,"54,2",15/12/2025,10:14,Caixa,débito
45,"175,87",21/07/2025,18:44,Nubank,débito
46,"492,06",20/12/2025,22:51,Caixa,crédito
47,"440,25",11/03/2025,00:50,Caixa,Pix
48,"5,2",07/05/2025,22:30,BB,Pix
49,"1485,89",09/03/2025,12:09,Caixa,crédito
50,"85,93",17/07/2025,02:48,Caixa,débito
51,"1423,1",18/12/2025,23:45,Caixa,Pix
52,"686,81",30/12/2025,20:18,BB,débito
53,"1130,54",09/08/2025,21:22,BB,crédito
54,"1062,85",25/11/2025,00:26,Nubank,Pix
55,"1372,8",01/01/2025,12:30,BB,Pix
56,"1406,39",13/07/2025,09:28,Nubank,Pix
57,"713,19",17/02/2025,11:49,Caixa,crédito
58,"1080,57",14/07/2025,17:55,BB,débito
59,"838,11",07/11/2025,09:33,Caixa,crédito
60,"1248,85",15/12/2025,21:01,BB,crédito
61,"187,43",08/10/2025,21:13,Caixa,débito
62,"999,63",20/12/2025,15:00,Nubank,crédito
63,"1348,69",18/11/2025,23:51,Caixa,crédito
64,"1489,25",09/02/2025,18:21,Caixa,crédito
65,"1288,74",23/08/2025,07:54,BB,crédito
66,"102,47",26/03/2025,14:56,Caixa,débito
67,"1069,18",31/08/2025,15:51,Nubank,Pix
68,"1272,98",21/11/2025,06:42,BB,Pix
69,"696,29",08/01/2025,04:01,Nubank,crédito
70,"774,19",12/04/2025,02:09,Caixa,débito
71,"635,17",23/05/2025,08:15,BB,crédito
72,"59,33",29/03/2025,08:25,Caixa,débito
73,"883,47",29/07/2025,10:53,Caixa,débito
74,"1233,54",28/08/2025,03:58,Nubank,débito
75,"1064,56",24/06/2025,12:24,Caixa,crédito
76,"552,67",14/06/2025,03:48,Nubank,crédito
77,"950,06",01/10/2025,00:11,BB,Pix
78,"784,6",02/12/2025,15:10,BB,crédito
79,"36,91",21/05/2025,03:28,Nubank,crédito
80,"1212,95",30/11/2025,07:15,Nubank,Pix
81,"206,16",02/01/2025,01:28,BB,Pix
82,"953,88",01/09/2025,13:36,Nubank,crédito
83,"987,12",06/06/2025,20:28,Caixa,débito
84,"700,21",16/01/2025,09:14,Nubank,crédito
85,"857,43",29/05/2025,09:05,Caixa,crédito
86,"150,89",19/05/2025,04:52,Nubank,débito
87,"556,7",30/03/2025,23:20,Caixa,débito
88,"314,7",18/09/2025,16:54,Nubank,Pix
89,"396,11",21/01/2025,20:28,Caixa,crédito
90,"6,3",05/03/2025,04:48,Caixa,débito
91,"1057,26",03/07/2025,22:58,Nubank,crédito
92,"495,77",24/04/2025,19:40,Nubank,Pix
93,"651,04",20/04/2025,04:42,Caixa,crédito
94,"577,81",10/01/2025,05:15,Nubank,Pix
95,"552,87",01/07/2025,09:34,BB,Pix
96,"179,95",15/11/2025,20:29,BB,débito
97,"1251,83",14/04/2025,22:29,BB,crédito
98,"904,15",15/10/2025,22:40,Nubank,débito
99,"892,53",09/03/2025,12:35,Caixa,Pix
100,"597,27",11/01/2025,18:14,Nubank,crédito
101,"1205,95",25/12/2025,00:54,Nubank,débito
102,"546,92",18/02/2025,00:29,Nubank,crédito
103,"871,09",02/01/2025,11:30,Caixa,crédito
104,"42,67",04/10/2025,19:48,Caixa,crédito
105,"1104,4",17/10/2025,22:35,BB,crédito
106,"138,79",29/12/2025,11:24,Caixa,débito
107,"246,05",19/07/2025,21:52,BB,crédito
108,"230,94",24/02/2025,15:22,Caixa,débito
109,"1271,96",20/12/2025,16:36,BB,débito
110,"1339,55",07/07/2025,21:32,Caixa,Pix
111,"855,53",21/10/2025,06:40,BB,Pix
112,"1248,64",27/10/2025,13:18,Nubank,débito
113,"1134,66",20/10/2025,08:27,Nubank,débito
114,"474,59",16/03/2025,07:05,Caixa,Pix
115,"916,57",16/05/2025,06:18,BB,crédito
116,"687,94",21/11/2025,08:54,Caixa,Pix
117,"536,76",27/12/2025,22:03,BB,débito
118,"1186,29",02/09/2025,01:31,Caixa,Pix
119,"206,53",26/08/2025,13:27,Nubank,Pix
120,"1452,68",02/08/2025,04:36,Caixa,crédito
121,"1406,99",19/07/2025,16:10,BB,débito
122,"538,58",22/03/2025,03:41,Nubank,crédito
123,"1043,23",16/09/2025,08:20,Caixa,crédito
124,"662,72",08/04/2025,02:05,Caixa,Pix
125,"214,19",02/02/2025,03:08,Caixa,crédito
126,"263,69",12/05/2025,00:46,Caixa,débito
127,"942,39",08/01/2025,21:14,BB,débito
128,"325,41",26/05/2025,03:34,BB,débito
129,"172,14",03/05/2025,22:21,BB,débito
130,"1398,29",10/06/2025,13:32,Caixa,crédito
131,"916,46",19/02/2025,00:23,Nubank,débito
132,"354,09",03/04/2025,09:12,Caixa,Pix
133,"361,47",15/09/2025,12:17,Nubank,Pix
134,"13,3",21/03/2025,09:45,BB,crédito
135,"832,77",24/10/2025,04:59,Nubank,Pix
136,"512,45",14/05/2025,10:50,Caixa,Pix
137,"258,52",21/03/2025,06:09,BB,Pix
138,"220,59",24/06/2025,06:57,Caixa,débito
139,"1010,43",06/10/2025,04:13,Nubank,crédito
140,"464,16",02/11/2025,19:31,Caixa,débito
141,"838,07",05/11/2025,12:08,Caixa,crédito
142,"594,62",26/03/2025,17:59,BB,crédito
143,"341,18",31/03/2025,23:27,Nubank,débito
144,"927,83",25/05/2025,13:49,Caixa,crédito
145,"1042,56",10/05/2025,01:19,Caixa,Pix
146,"1146,12",02/05/2025,01:33,Nubank,crédito
147,"135,11",12/10/2025,03:50,BB,Pix
148,"914,71",18/07/2025,00:26,Nubank,débito
149,"1007,69",11/10/2025,01:29,Nubank,débito
150,"1162,64",05/10/2025,05:36,BB,débito
151,"463,89",25/11/2025,15:54,BB,débito
152,"941,84",27/10/2025,05:20,BB,débito
153,"467,06",29/05/2025,11:39,Nubank,crédito
154,"918,15",16/04/2025,11:20,BB,crédito
155,"1080,91",02/11/2025,00:23,Caixa,Pix
156,"949,32",26/07/2025,05:30,BB,crédito
157,"24,77",27/11/2025,14:28,Caixa,débito
158,"1054,91",03/05/2025,05:12,Nubank,Pix
159,"517,38",28/02/2025,22:14,Caixa,crédito
160,"1394,2",18/11/2025,11:53,Caixa,crédito
161,"37,32",14/05/2025,10:47,BB,crédito
162,"1176,57",07/08/2025,07:03,BB,débito
163,"653,14",05/07/2025,22:13,BB,Pix
164,"368,27",23/08/2025,11:47,Caixa,débito
165,"1031,18",12/08/2025,21:13,BB,débito
166,"1390,86",17/04/2025,12:01,BB,crédito
167,"245,46",25/07/2025,06:11,BB,Pix
168,"401,46",25/12/2025,21:26,Nubank,débito
169,"1301,65",04/12/2025,10:55,BB,Pix
170,"442,85",11/02/2025,16:22,Nubank,débito
171,"1265,26",10/07/2025,17:43,Nubank,crédito
172,"1205,22",23/12/2025,11:07,BB,débito
173,"1093,45",17/08/2025,21:47,Caixa,débito
174,"533,8",27/04/2025,11:48,BB,débito
175,"488,24",08/10/2025,06:09,BB,débito
176,"699,13",06/04/2025,20:25,BB,crédito
177,"519,98",22/05/2025,18:21,Nubank,crédito
178,"1160,56",19/05/2025,05:57,Caixa,Pix
179,"278,02",13/04/2025,06:53,Nubank,Pix
180,"298,09",11/10/2025,06:25,BB,crédito
181,"963,35",27/05/2025,19:05,Caixa,Pix
182,"380,38",08/02/2025,06:03,Nubank,Pix
183,"341,42",06/06/2025,14:19,Nubank,crédito
184,"831,11",17/08/2025,19:15,Nubank,débito
185,"783,86",17/01/2025,04:59,BB,débito
186,"744,62",16/03/2025,10:24,Nubank,crédito
187,"1131,81",11/01/2025,14:13,Caixa,Pix
188,"342,05",11/10/2025,03:16,Caixa,Pix
189,"1480,84",18/01/2025,06:45,BB,débito
190,"738,1",24/07/2025,19:14,BB,Pix
191,"1477,84",28/01/2025,23:16,Caixa,débito
192,"10,08",10/05/2025,15:15,Caixa,Pix
193,"1131,09",26/02/2025,02:27,Caixa,crédito
194,"64,37",02/08/2025,06:13,BB,débito
195,"958,78",13/12/2025,02:51,BB,Pix
196,"1284,95",26/05/2025,09:28,Nubank,Pix
197,"843,62",21/09/2025,18:47,BB,crédito
198,"708,33",27/10/2025,13:12,Nubank,crédito
199,"1208,4",09/10/2025,11:38,Nubank,débito
200,"464,17",15/03/2025,23:33,BB,Pix
201,"1078,95",22/03/2025,23:14,Caixa,crédito
202,"476,57",19/09/2025,06:23,Nubank,crédito
203,"92,58",24/01/2025,08:46,BB,débito
204,"842,99",15/06/2025,01:53,Caixa,crédito
205,"1057,16",23/12/2025,02:16,Nubank,Pix
206,"266,22",10/11/2025,01:49,BB,Pix
207,"982,56",14/04/2025,09:16,Caixa,débito
208,"713,9",12/08/2025,07:39,Nubank,débito
209,"617,76",03/06/2025,17:30,Nubank,Pix
210,"1028,63",03/07/2025,22:38,BB,débito
211,"610,21",13/10/2025,05:46,Nubank,débito
212,"217,59",24/01/2025,04:23,Nubank,Pix
213,"150,01",17/12/2025,04:47,Nubank,débito
214,"652,1",15/09/2025,01:49,BB,Pix
215,"116,07",21/06/2025,07:22,Caixa,débito
216,"1498,33",16/10/2025,13:54,Caixa,Pix
217,"275,25",12/07/2025,01:43,BB,Pix
218,"909,51",12/12/2025,01:45,Caixa,Pix
219,"1285,46",23/09/2025,02:29,BB,crédito
220,"863,87",30/04/2025,06:17,Caixa,crédito
221,"261,91",21/06/2025,00:42,BB,Pix
222,"137,76",20/10/2025,04:02,BB,débito
223,"823,6",26/08/2025,10:03,Caixa,Pix
224,"1070,72",27/05/2025,14:43,Caixa,crédito
225,"1282,14",14/04/2025,22:35,BB,crédito
226,"245,31",17/12/2025,23:00,Caixa,crédito
227,"1413,14",31/12/2025,12:50,Nubank,débito
228,"809,62",05/09/2025,05:31,Nubank,crédito
229,"543,59",31/07/2025,03:45,Caixa,débito
230,"352,8",23/04/2025,02:58,Caixa,débito
231,"990,77",17/03/2025,12:04,Nubank,débito
232,"1249,01",04/12/2025,14:10,Nubank,débito
233,"240,93",04/10/2025,16:12,Caixa,crédito
234,"132,47",24/04/2025,15:22,BB,débito
235,"1239,81",26/04/2025,10:32,Nubank,crédito
236,"1420,75",21/11/2025,04:08,BB,débito
237,"1462,42",07/07/2025,14:14,Caixa,crédito
238,1383,03/05/2025,22:56,Nubank,crédito
239,"180,96",08/04/2025,11:38,BB,crédito
240,"1497,1",26/11/2025,13:45,Caixa,Pix
241,"602,3",27/08/2025,13:52,BB,crédito
242,"427,88",07/08/2025,23:03,Caixa,crédito
243,"47,29",05/08/2025,04:34,Nubank,crédito
244,"1489,6",13/12/2025,18:20,BB,Pix
245,"678,42",02/12/2025,01:57,Nubank,Pix
246,"103,41",07/09/2025,17:27,Nubank,Pix
247,"1473,45",12/03/2025,14:32,Caixa,Pix
248,"829,97",09/09/2025,21:16,BB,débito
249,"830,77",09/05/2025,15:55,BB,débito
250,"854,49",18/01/2025,23:20,BB,crédito
251,"1223,32",14/07/2025,12:13,Nubank,débito
252,"822,68",23/09/2025,12:32,BB,Pix
253,"1173,31",13/02/2025,16:54,BB,Pix
254,"1171,86",18/01/2025,03:55,Nubank,débito
255,"182,63",11/02/2025,11:38,BB,débito
256,"1427,74",13/12/2025,10:38,Nubank,Pix
257,"33,7",05/08/2025,16:10,Caixa,Pix
258,"271,22",10/03/2025,21:37,Nubank,crédito
259,"642,01",04/01/2025,18:07,Caixa,crédito
260,"441,34",12/12/2025,14:20,Caixa,débito
261,"276,09",19/07/2025,11:34,Nubank,crédito
262,"913,96",03/06/2025,10:15,Nubank,Pix
263,"231,14",03/01/2025,00:34,Caixa,Pix
264,"1323,87",10/04/2025,19:29,BB,débito
265,"715,91",17/10/2025,22:54,Caixa,Pix
266,"20,27",23/02/2025,09:55,Nubank,crédito
267,"333,39",06/05/2025,01:23,Caixa,débito
268,"288,07",19/09/2025,10:28,Nubank,Pix
269,"1422,65",17/02/2025,08:28,Caixa,débito
270,"1403,06",21/01/2025,01:27,Caixa,Pix
271,"787,58",23/04/2025,21:10,BB,crédito
272,"1421,4",31/05/2025,17:06,Caixa,Pix
273,"812,07",14/04/2025,19:49,BB,crédito
274,"421,63",19/06/2025,03:28,BB,crédito
275,"504,96",02/12/2025,00:16,Nubank,Pix
276,"1265,3",09/11/2025,12:41,BB,Pix
277,"131,49",23/10/2025,17:35,Nubank,Pix
278,"1428,16",06/09/2025,15:21,Nubank,crédito
279,"611,44",28/01/2025,11:55,Caixa,Pix
280,"1242,63",03/06/2025,07:29,Nubank,Pix
281,"836,91",17/12/2025,23:10,Nubank,crédito
282,"1068,32",28/11/2025,21:10,Nubank,débito
283,"1328,06",31/08/2025,18:37,Caixa,Pix
284,"430,98",11/04/2025,07:13,BB,Pix
285,"867,01",30/11/2025,02:37,BB,Pix
286,"1038,86",21/11/2025,08:12,Caixa,Pix
287,"1314,37",30/09/2025,18:12,BB,Pix
288,"758,39",11/02/2025,17:28,Caixa,débito
289,"488,08",20/10/2025,03:43,BB,crédito
290,"1189,62",14/04/2025,20:31,Nubank,Pix
291,"1496,71",28/05/2025,06:43,Nubank,Pix
292,"696,58",24/04/2025,18:12,Nubank,débito
293,"189,71",04/08/2025,01:59,Nubank,crédito
294,"1197,78",06/04/2025,04:46,BB,crédito
295,"1101,5",21/03/2025,15:03,BB,débito
296,"738,93",29/09/2025,06:24,Nubank,Pix
297,"48,14",12/03/2025,16:35,Caixa,débito
298,"795,39",24/12/2025,17:26,Nubank,débito
299,"1295,81",24/01/2025,17:02,BB,Pix
300,"904,69",17/08/2025,13:35,BB,débito
301,"1140,09",16/04/2025,17:08,BB,Pix
302,"193,73",31/03/2025,01:08,BB,Pix
303,"652,13",07/09/2025,00:46,Nubank,Pix
304,"629,96",24/03/2025,23:46,BB,débito
305,"945,31",01/11/2025,17:58,Nubank,débito
306,"1253,27",30/11/2025,08:59,Caixa,Pix
307,"1059,39",13/05/2025,07:03,BB,débito
308,"581,51",02/05/2025,09:36,Caixa,Pix
309,"465,66",24/06/2025,03:17,BB,Pix
310,"98,84",16/12/2025,08:20,Nubank,Pix
311,"1380,22",22/06/2025,05:55,BB,crédito
312,"277,86",23/07/2025,13:08,Nubank,Pix
313,"215,15",11/06/2025,12:54,Caixa,débito
314,"1331,2",16/08/2025,02:50,BB,débito
315,"775,96",18/09/2025,18:52,Caixa,Pix
316,"1426,75",23/01/2025,13:18,BB,crédito
317,"214,96",23/06/2025,18:07,Nubank,Pix
318,"312,84",14/05/2025,20:35,Nubank,débito
319,"598,94",14/09/2025,07:44,BB,crédito
320,"478,29",22/12/2025,16:04,BB,crédito
321,"405,79",02/02/2025,19:52,BB,Pix
322,"16,99",11/05/2025,03:41,BB,Pix
323,"1153,81",02/07/2025,08:25,Nubank,crédito
324,"248,86",19/07/2025,18:12,Nubank,crédito
325,"1445,84",29/10/2025,06:13,BB,Pix
326,"440,64",26/07/2025,20:43,Nubank,débito
327,"491,35",04/11/2025,22:18,Nubank,débito
328,"595,86",20/04/2025,21:45,BB,débito
329,"124,38",08/11/2025,03:48,Nubank,Pix
330,"1018,56",22/09/2025,10:22,Caixa,Pix
331,"1288,37",28/11/2025,06:01,BB,crédito
332,"676,03",21/11/2025,05:00,Nubank,Pix
333,"926,88",07/03/2025,06:10,BB,Pix
334,"1241,43",25/02/2025,02:54,Nubank,Pix
335,"214,46",07/12/2025,09:33,Nubank,Pix
336,"402,69",09/03/2025,00:08,Caixa,Pix
337,"1383,63",15/01/2025,22:56,Caixa,débito
338,"724,85",07/05/2025,18:11,BB,crédito
339,177,20/10/2025,23:51,Nubank,débito
340,"1432,68",25/02/2025,10:27,BB,débito
341,"255,73",13/01/2025,07:00,Nubank,débito
342,"1076,97",01/03/2025,19:29,Caixa,Pix
343,"1395,91",02/06/2025,15:51,BB,crédito
344,"756,68",12/12/2025,08:57,Caixa,débito
345,"65,25",24/08/2025,16:25,Nubank,Pix
346,"120,69",07/07/2025,10:10,BB,débito
347,"381,52",25/02/2025,23:36,BB,crédito
348,"569,99",31/03/2025,18:08,Caixa,crédito
349,"1188,73",03/02/2025,06:51,Caixa,débito
350,"856,36",21/07/2025,05:14,Caixa,Pix
351,"717,03",17/10/2025,15:49,Caixa,Pix
352,"705,22",06/02/2025,22:17,BB,crédito
353,"1339,9",21/06/2025,16:16,Caixa,débito
354,"1381,71",03/06/2025,17:31,Nubank,crédito
355,"803,84",18/11/2025,05:10,Nubank,crédito
356,"236,58",09/04/2025,07:03,BB,Pix
357,"178,98",19/02/2025,05:49,Nubank,débito
358,"1461,83",22/01/2025,13:33,Nubank,crédito
359,"476,9",28/03/2025,19:52,Nubank,Pix
360,"1352,44",23/08/2025,18:26,Nubank,crédito
361,"1453,14",11/04/2025,00:44,Nubank,débito
362,"1215,22",27/12/2025,22:49,Caixa,Pix
363,"1107,8",21/06/2025,06:08,Nubank,débito
364,"893,43",24/06/2025,11:33,Caixa,Pix
365,"1085,19",15/03/2025,01:12,Caixa,Pix
366,"806,17",09/12/2025,12:25,Nubank,débito
367,"1490,32",23/08/2025,04:27,Caixa,crédito
368,"609,1",29/07/2025,20:31,Caixa,crédito
369,"753,97",03/03/2025,01:45,BB,Pix
370,"647,61",17/07/2025,14:47,Nubank,crédito
371,"274,28",08/03/2025,02:35,Caixa,crédito
372,"1226,21",29/12/2025,12:06,Nubank,Pix
373,"381,28",05/11/2025,03:21,Caixa,crédito
374,"1255,47",22/01/2025,19:53,BB,crédito
375,"1470,43",05/03/2025,17:10,Nubank,crédito
376,"892,4",09/04/2025,05:19,Nubank,crédito
377,"812,81",11/01/2025,03:04,Nubank,crédito
378,"1106,41",11/01/2025,15:35,BB,débito
379,"806,65",21/04/2025,05:03,BB,débito
380,"997,32",17/07/2025,21:36,Caixa,débito
381,"1397,29",11/10/2025,21:37,Caixa,crédito
382,"669,17",14/12/2025,11:18,Nubank,Pix
383,"1064,46",01/09/2025,12:29,BB,débito
384,"1035,73",12/12/2025,21:51,BB,crédito
385,"661,09",24/09/2025,04:36,Nubank,Pix
386,"9,42",17/08/2025,23:05,BB,crédito
387,"1347,37",04/08/2025,07:03,Nubank,débito
388,"222,44",18/04/2025,19:44,Caixa,Pix
389,"1214,51",27/02/2025,00:26,Caixa,débito
390,"958,16",22/09/2025,04:20,BB,crédito
391,"712,42",26/12/2025,02:40,BB,crédito
392,"713,98",26/04/2025,05:09,BB,crédito
393,"280,95",20/01/2025,17:46,Caixa,Pix
394,"1462,17",05/06/2025,20:49,BB,crédito
395,"239,38",16/09/2025,06:47,Caixa,Pix
396,"972,41",21/03/2025,12:43,BB,débito
397,"1308,18",06/11/2025,11:32,Nubank,crédito
398,"350,32",11/05/2025,12:38,Nubank,Pix
399,"154,4",25/05/2025,00:34,Caixa,débito
400,"1458,51",31/03/2025,11:32,BB,Pix
401,"319,49",13/04/2025,13:34,BB,Pix
402,"1382,95",17/11/2025,23:52,Caixa,crédito
403,"653,47",14/10/2025,20:04,Nubank,Pix
404,"711,82",01/08/2025,23:10,Caixa,Pix
405,"1475,06",03/06/2025,11:34,Caixa,débito
406,"1027,79",10/03/2025,23:21,Nubank,Pix
407,"1328,22",24/11/2025,03:45,Caixa,Pix
408,"1075,23",16/12/2025,14:06,Caixa,Pix
409,"483,97",15/10/2025,00:38,Nubank,débito
410,"1277,4",08/07/2025,19:00,Caixa,crédito
411,"1021,58",29/12/2025,18:58,Caixa,Pix
412,"484,98",12/10/2025,22:02,Nubank,débito
413,"1462,81",16/05/2025,22:46,BB,crédito
414,"288,79",09/04/2025,13:47,Nubank,crédito
415,"304,39",13/01/2025,03:31,BB,crédito
416,"672,89",26/04/2025,19:46,Nubank,débito
417,"1288,63",27/05/2025,16:04,BB,débito
418,"61,36",14/07/2025,11:39,Caixa,débito
419,"91,06",23/06/2025,18:06,Caixa,crédito
420,"839,57",25/12/2025,23:10,Caixa,crédito
421,"614,34",05/12/2025,05:50,BB,débito
422,"1112,51",10/03/2025,21:27,BB,Pix
423,"618,62",14/07/2025,18:39,Caixa,Pix
424,"689,47",24/05/2025,03:33,Caixa,débito
425,"1461,19",22/02/2025,16:16,BB,Pix
426,"726,39",11/03/2025,08:24,Caixa,Pix
427,"263,62",26/03/2025,23:21,BB,débito
428,"1347,31",27/11/2025,16:29,Caixa,Pix
429,"976,27",28/09/2025,08:46,Caixa,Pix
430,"619,2",05/02/2025,01:45,Nubank,débito
431,"1053,38",28/08/2025,12:41,Nubank,crédito
432,"782,54",20/07/2025,00:19,BB,Pix
433,"1234,06",02/02/2025,01:01,Nubank,Pix
434,"1369,21",15/02/2025,16:03,BB,Pix
435,"587,43",07/01/2025,23:45,Caixa,Pix
436,"48,06",23/06/2025,12:52,BB,Pix
437,"1365,12",07/04/2025,17:20,BB,débito
438,"423,91",29/12/2025,09:26,Caixa,crédito
439,"210,67",12/12/2025,10:27,Caixa,débito
440,"517,97",03/03/2025,09:12,BB,débito
441,"717,3",04/07/2025,02:12,Caixa,crédito
442,"406,37",13/10/2025,01:46,Nubank,crédito
443,"1355,51",22/05/2025,18:39,BB,débito
444,"964,28",14/09/2025,13:53,BB,débito
445,"150,13",27/05/2025,23:39,Nubank,crédito
446,"1484,46",24/04/2025,03:54,Nubank,Pix
447,"756,87",10/04/2025,06:29,BB,débito
448,"37,34",08/12/2025,04:17,BB,débito
449,"1249,78",16/07/2025,10:08,BB,Pix
450,426,17/02/2025,11:34,Nubank,débito
451,"298,44",30/10/2025,05:16,BB,Pix
452,"615,52",20/09/2025,16:07,Nubank,débito
453,"1058,85",09/02/2025,12:45,Caixa,crédito
454,"1245,34",06/07/2025,02:41,Nubank,Pix
455,"538,02",12/01/2025,03:37,Nubank,Pix
456,"1101,71",17/11/2025,12:50,Caixa,crédito
457,"1365,98",16/07/2025,14:33,Caixa,débito
458,"872,78",27/11/2025,21:33,Nubank,Pix
459,"1296,65",25/08/2025,09:39,Nubank,crédito
460,"83,14",13/06/2025,07:31,BB,crédito
461,"578,54",25/05/2025,01:06,BB,crédito
462,"128,09",14/04/2025,11:26,Nubank,débito
463,"991,76",24/08/2025,15:12,Caixa,Pix
464,"875,32",17/04/2025,20:21,BB,crédito
465,"653,13",19/03/2025,01:46,BB,Pix
466,"535,59",21/02/2025,08:34,Nubank,crédito
467,"617,26",09/03/2025,09:15,Caixa,crédito
468,"1156,55",15/07/2025,15:23,Nubank,crédito
469,"190,39",13/12/2025,13:17,Nubank,débito
470,"323,49",27/02/2025,04:22,Nubank,débito
471,"839,94",29/01/2025,19:09,Nubank,débito
472,"1418,69",07/12/2025,09:57,Nubank,débito
473,"810,76",09/12/2025,20:33,Nubank,crédito
474,"1098,06",03/11/2025,23:35,Caixa,débito
475,"349,19",26/01/2025,06:26,Caixa,Pix
476,"1396,25",03/06/2025,12:01,Nubank,crédito
477,"1043,01",21/06/2025,16:10,Nubank,crédito
478,"937,87",11/06/2025,07:42,Nubank,crédito
479,"443,29",24/01/2025,13:36,Nubank,Pix
480,"1137,13",18/03/2025,18:38,Nubank,Pix
481,"1447,98",02/06/2025,13:15,Caixa,débito
482,"581,68",16/02/2025,20:10,Caixa,crédito
483,"220,71",08/03/2025,11:46,Caixa,crédito
484,"1065,61",13/11/2025,15:29,BB,débito
485,"1487,67",13/05/2025,06:50,BB,Pix
486,"714,68",27/12/2025,03:46,Nubank,crédito
487,"181,55",29/05/2025,18:05,Caixa,crédito
488,"856,03",28/02/2025,11:51,BB,Pix
489,"1017,64",28/07/2025,11:41,Caixa,crédito
490,"1405,21",17/08/2025,09:42,BB,crédito
491,"1406,92",18/05/2025,15:54,Nubank,débito
492,"600,7",18/08/2025,23:37,Nubank,crédito
493,"1076,82",20/01/2025,17:43,BB,crédito
494,"408,78",15/04/2025,16:20,BB,crédito
495,"74,29",20/02/2025,19:02,BB,Pix
496,"700,96",30/07/2025,10:52,Nubank,crédito
497,"416,67",12/12/2025,15:25,BB,Pix
498,"172,56",26/10/2025,03:56,Caixa,débito
499,"468,32",03/12/2025,02:09,Caixa,débito
500,"683,42",26/10/2025,00:47,BB,Pix
501,"228,45",19/10/2025,14:09,BB,crédito
502,"682,11",16/06/2025,14:37,Caixa,crédito
503,"853,26",30/04/2025,06:00,Nubank,crédito
504,"682,08",06/09/2025,19:11,BB,débito
505,"59,16",12/08/2025,07:44,Nubank,crédito
506,"435,96",03/06/2025,14:31,BB,débito
507,"168,62",08/05/2025,11:45,Caixa,Pix
508,"349,82",15/01/2025,14:25,Caixa,crédito
509,"572,72",29/03/2025,07:43,Caixa,débito
510,"84,71",02/08/2025,21:54,Nubank,Pix
511,"1064,74",23/05/2025,18:58,Nubank,Pix
512,"1470,81",22/03/2025,07:45,Caixa,débito
513,"1172,47",08/03/2025,11:20,BB,crédito
514,"428,21",03/11/2025,12:05,BB,Pix
515,"1088,1",04/01/2025,13:04,Nubank,crédito
516,"258,2",13/03/2025,15:04,Caixa,Pix
517,"701,34",11/03/2025,14:12,Caixa,Pix
518,"269,09",08/06/2025,04:21,Nubank,crédito
519,"901,62",20/11/2025,00:37,Caixa,Pix
520,"819,76",24/07/2025,07:51,Nubank,crédito
521,"1381,61",31/05/2025,19:23,Nubank,crédito
522,"648,21",06/08/2025,06:27,Caixa,débito
523,"1415,52",17/11/2025,09:33,BB,Pix
524,"1192,28",25/09/2025,01:50,Nubank,débito
525,"562,5",19/09/2025,09:06,BB,débito
526,"936,15",13/09/2025,10:38,BB,crédito
527,"27,1",03/02/2025,13:42,BB,Pix
528,"1480,39",04/07/2025,16:02,Caixa,Pix
529,"216,78",26/03/2025,10:33,Caixa,crédito
530,"482,17",06/10/2025,08:56,Caixa,crédito
531,"452,05",21/05/2025,02:20,BB,débito
532,"271,12",21/06/2025,19:49,BB,crédito
533,"1015,46",30/08/2025,01:31,Caixa,Pix
534,"107,14",11/06/2025,03:18,Caixa,Pix
535,"905,12",18/04/2025,07:03,BB,Pix
536,"1338,22",22/01/2025,10:17,Nubank,crédito
537,"553,35",22/02/2025,00:46,Caixa,débito
538,"219,56",02/05/2025,17:39,Caixa,crédito
539,"377,71",19/03/2025,03:16,Nubank,crédito
540,"887,43",11/04/2025,00:57,Caixa,crédito
541,"1093,53",24/02/2025,04:27,BB,Pix
542,"841,47",29/12/2025,09:43,Caixa,Pix
543,1338,24/09/2025,01:35,Nubank,débito
544,"1376,39",15/09/2025,07:15,Nubank,crédito
545,478,18/11/2025,00:15,Caixa,crédito
546,"1209,42",06/02/2025,02:59,BB,Pix
547,"453,35",12/11/2025,01:24,Caixa,crédito
548,"666,41",07/01/2025,08:22,Caixa,Pix
549,"492,47",27/04/2025,15:56,Nubank,crédito
550,"316,38",27/11/2025,08:46,Nubank,débito
551,"339,44",25/03/2025,01:47,Nubank,débito
552,"371,91",14/05/2025,02:40,Nubank,débito
553,"295,32",25/01/2025,06:46,Caixa,crédito
554,"466,72",03/07/2025,03:31,BB,Pix
555,"315,51",30/01/2025,08:10,Nubank,crédito
556,"1412,05",11/09/2025,00:07,Nubank,crédito
557,"491,18",10/03/2025,12:37,Nubank,débito
558,"228,02",25/04/2025,12:19,Caixa,crédito
559,"207,2",12/12/2025,17:10,Caixa,débito
560,"137,5",28/08/2025,16:48,Caixa,crédito
561,"1425,04",03/10/2025,15:23,BB,Pix
562,"566,54",06/08/2025,00:44,Nubank,débito
563,"1290,42",27/06/2025,13:06,Nubank,Pix
564,"1112,28",16/06/2025,12:40,BB,débito
565,"319,89",20/09/2025,02:44,Nubank,Pix
566,"587,85",22/06/2025,15:22,Nubank,débito
567,"152,53",09/04/2025,17:55,Caixa,crédito
568,"644,24",11/10/2025,05:02,Caixa,Pix
569,"19,55",19/02/2025,10:14,BB,débito
570,"523,73",26/10/2025,04:58,Nubank,Pix
571,"897,63",09/02/2025,02:50,Nubank,crédito
572,"434,75",25/12/2025,15:24,Nubank,débito
573,"987,68",04/10/2025,02:25,Nubank,Pix
574,"956,94",30/12/2025,05:18,Nubank,crédito
575,"213,35",29/10/2025,10:53,BB,débito
576,"757,24",10/08/2025,02:36,Nubank,Pix
577,"94,36",21/08/2025,14:59,Caixa,crédito
578,"263,68",29/01/2025,06:20,Nubank,crédito
579,"1460,49",08/12/2025,17:00,BB,Pix
580,"150,48",24/06/2025,07:36,Nubank,Pix
581,"805,13",24/07/2025,01:54,Caixa,débito
582,"333,07",19/05/2025,14:27,Caixa,débito
583,"949,54",11/07/2025,15:32,BB,crédito
584,"791,52",08/04/2025,14:32,Caixa,débito
585,353,01/04/2025,14:49,Caixa,crédito
586,"699,19",13/01/2025,20:15,Nubank,crédito
587,"247,93",25/09/2025,10:13,Caixa,Pix
588,"444,65",10/08/2025,03:00,BB,débito
589,"1212,93",31/05/2025,06:05,BB,crédito
590,"1118,03",05/02/2025,00:56,Caixa,Pix
591,"988,2",01/07/2025,11:37,Caixa,débito
592,"141,17",02/03/2025,03:28,Caixa,Pix
593,"517,29",14/07/2025,04:14,BB,débito
594,"836,42",23/07/2025,16:56,BB,crédito
595,"1260,35",02/05/2025,18:15,Caixa,Pix
596,"1200,49",08/10/2025,07:19,Nubank,Pix
597,"255,92",13/02/2025,16:22,Nubank,crédito
598,"425,77",24/09/2025,14:23,Nubank,débito
599,"377,94",12/11/2025,02:42,Nubank,crédito
600,817,29/09/2025,05:00,BB,crédito
601,"1304,84",03/03/2025,16:54,BB,débito
602,"720,23",28/02/2025,15:27,BB,débito
603,"1342,84",06/01/2025,21:28,BB,débito
604,"1166,44",20/03/2025,12:09,Caixa,Pix
605,"561,12",03/10/2025,05:02,BB,crédito
606,"259,25",15/01/2025,05:35,Nubank,crédito
607,"870,94",04/05/2025,21:09,Nubank,crédito
608,"232,07",12/01/2025,21:31,BB,crédito
609,"474,6",18/07/2025,01:31,Caixa,Pix
610,"652,36",22/11/2025,02:12,BB,débito
611,"616,11",07/05/2025,11:58,BB,Pix
612,"541,23",11/12/2025,16:24,BB,Pix
613,"716,8",22/11/2025,06:24,Nubank,débito
614,"1464,83",13/03/2025,06:53,BB,débito
615,"567,49",22/11/2025,09:01,Nubank,crédito
616,"1380,83",13/06/2025,08:59,Caixa,crédito
617,"1441,5",02/08/2025,10:35,Caixa,débito
618,"670,66",29/08/2025,09:22,Caixa,Pix
619,"464,83",23/02/2025,10:00,Nubank,Pix
620,"1304,21",14/05/2025,20:16,Nubank,Pix
621,"67,02",06/12/2025,03:44,Nubank,crédito
622,"1492,88",13/05/2025,02:16,Caixa,débito
623,"1209,52",14/08/2025,20:22,Nubank,débito
624,"152,54",02/09/2025,11:43,BB,débito
625,"1117,76",08/09/2025,02:19,BB,débito
626,"1303,04",12/07/2025,13:11,BB,Pix
627,"373,17",15/07/2025,01:26,BB,crédito
628,"710,63",08/11/2025,15:00,Nubank,Pix
629,"104,19",28/07/2025,07:26,Caixa,Pix
630,"20,25",27/08/2025,10:51,BB,Pix
631,"1074,03",11/12/2025,14:00,BB,Pix
632,"1326,01",06/10/2025,12:32,Caixa,crédito
633,"33,99",13/02/2025,10:07,BB,Pix
634,"135,58",18/12/2025,23:37,Caixa,débito
635,"598,94",20/03/2025,14:28,Caixa,Pix
636,"93,45",21/07/2025,05:12,Nubank,Pix
637,"242,58",05/03/2025,17:21,BB,Pix
638,"783,16",26/02/2025,02:02,Caixa,débito
639,1394,30/09/2025,19:35,BB,débito
640,"98,69",31/08/2025,18:11,Caixa,Pix
641,"908,42",29/01/2025,18:26,Nubank,débito
642,"90,57",20/10/2025,00:28,BB,crédito
643,"982,74",08/08/2025,11:47,Nubank,Pix
644,"1381,7",27/05/2025,02:02,Caixa,Pix
645,"1394,53",01/12/2025,04:08,BB,Pix
646,"1093,7",02/11/2025,05:39,Nubank,crédito
647,"948,8",06/08/2025,21:16,Nubank,Pix
648,"1148,74",31/08/2025,21:22,BB,crédito
649,"359,67",25/05/2025,11:52,Nubank,Pix
650,"335,81",10/02/2025,05:41,Caixa,crédito
651,"1294,98",19/05/2025,16:31,Nubank,Pix
652,"1208,36",27/11/2025,21:25,BB,Pix
653,"1423,12",14/06/2025,13:31,Caixa,débito
654,"152,58",19/10/2025,11:22,BB,débito
655,"637,46",15/09/2025,23:33,BB,débito
656,"357,81",22/11/2025,18:58,BB,Pix
657,"84,72",03/12/2025,06:22,BB,crédito
658,"701,94",12/01/2025,05:44,BB,crédito
659,"942,89",30/03/2025,16:21,Nubank,Pix
660,"851,27",04/04/2025,23:25,Nubank,débito
661,"403,97",26/07/2025,03:43,BB,Pix
662,"184,32",30/07/2025,02:00,Nubank,Pix
663,"1159,11",17/11/2025,12:07,BB,crédito
664,"298,68",31/01/2025,09:10,Nubank,crédito
665,"139,45",10/12/2025,09:09,Caixa,crédito
666,"1491,89",20/04/2025,11:13,BB,Pix
667,"906,59",21/02/2025,07:37,Caixa,crédito
668,"177,03",24/02/2025,16:50,BB,Pix
669,"793,81",10/10/2025,13:10,BB,crédito
670,"555,31",11/05/2025,20:55,Nubank,Pix
671,"1100,66",30/10/2025,04:42,BB,débito
672,"801,87",22/09/2025,13:12,Caixa,crédito
673,"1288,04",10/11/2025,20:14,Caixa,Pix
674,"811,51",10/02/2025,17:03,BB,débito
675,"1435,73",04/02/2025,20:44,BB,débito
676,"19,22",24/01/2025,12:33,Caixa,débito
677,"91,32",12/01/2025,06:57,Nubank,crédito
678,"1172,19",26/08/2025,15:07,Nubank,débito
679,"636,09",04/04/2025,06:28,Nubank,Pix
680,"1000,75",18/07/2025,01:29,Nubank,crédito
681,"779,75",06/06/2025,13:23,BB,débito
682,"810,66",30/08/2025,20:38,BB,Pix
683,"1290,7",03/09/2025,04:50,Nubank,crédito
684,"513,27",29/12/2025,19:25,Nubank,Pix
685,829,24/05/2025,11:28,Caixa,débito
686,"800,15",17/01/2025,10:11,Nubank,crédito
687,"17,89",24/05/2025,04:24,Nubank,crédito
688,"1127,44",12/02/2025,12:37,Nubank,Pix
689,"668,72",19/03/2025,11:25,Caixa,crédito
690,"966,7",04/11/2025,10:35,BB,Pix
691,"879,92",01/03/2025,02:29,BB,crédito
692,"894,24",03/06/2025,15:49,Caixa,débito
693,"1072,29",08/08/2025,06:04,BB,débito
694,"65,2",08/10/2025,14:07,BB,Pix
695,"699,49",17/07/2025,00:12,Nubank,crédito
696,"1121,9",17/06/2025,11:24,BB,crédito
697,"1308,03",22/07/2025,04:12,BB,débito
698,"1496,75",14/12/2025,18:32,BB,débito
699,"1454,88",03/12/2025,11:39,BB,débito
700,"227,15",06/02/2025,16:50,BB,Pix
701,"942,51",06/04/2025,22:09,Nubank,Pix
702,"871,28",26/10/2025,19:34,BB,débito
703,"1437,55",03/09/2025,01:53,Caixa,crédito
704,"747,17",12/03/2025,01:09,Caixa,Pix
705,"1057,78",27/08/2025,19:25,Caixa,crédito
706,"448,07",03/09/2025,04:27,Nubank,crédito
707,"409,78",09/08/2025,18:47,Nubank,Pix
708,"518,28",25/09/2025,20:47,Caixa,crédito
709,"703,82",16/06/2025,07:49,BB,crédito
710,"1243,55",04/01/2025,21:07,BB,débito
711,"746,65",26/05/2025,20:54,Caixa,Pix
712,"984,86",21/02/2025,18:10,BB,débito
713,"270,13",11/03/2025,13:37,BB,crédito
714,"325,31",11/02/2025,11:25,Caixa,débito
715,"948,02",30/06/2025,23:58,Caixa,crédito
716,"1085,91",29/09/2025,07:01,Nubank,débito
717,"158,64",24/11/2025,01:26,Nubank,crédito
718,"1285,67",17/05/2025,12:25,Nubank,débito
719,"1418,82",27/10/2025,11:51,Nubank,débito
720,"941,26",25/07/2025,17:29,Caixa,crédito
721,"133,96",07/10/2025,07:07,Nubank,débito
722,785,21/10/2025,07:24,Nubank,crédito
723,"505,79",01/01/2025,18:26,Nubank,débito
724,"860,67",05/05/2025,02:18,Caixa,débito
725,"210,87",22/04/2025,16:28,Nubank,débito
726,"1265,64",11/12/2025,03:02,BB,débito
727,"906,14",17/02/2025,09:07,Nubank,débito
728,"731,29",09/08/2025,13:47,Nubank,crédito
729,"735,54",11/10/2025,16:24,Nubank,débito
730,"449,39",20/10/2025,11:40,Nubank,Pix
731,"989,8",15/04/2025,16:33,BB,débito
732,"642,28",14/12/2025,10:56,BB,Pix
733,"1417,7",07/02/2025,05:36,Nubank,crédito
734,"1168,18",01/08/2025,10:55,Nubank,crédito
735,"471,71",13/05/2025,05:47,Nubank,Pix
736,"1405,54",26/12/2025,03:41,Caixa,Pix
737,"172,93",31/07/2025,09:57,Caixa,crédito
738,"608,8",24/04/2025,04:16,Caixa,débito
739,"1459,48",06/09/2025,11:34,Nubank,Pix
740,"1288,45",20/09/2025,19:09,Nubank,Pix
741,"1417,99",26/01/2025,19:47,Caixa,Pix
742,"1416,69",16/03/2025,02:24,BB,Pix
743,"268,69",30/10/2025,04:24,Nubank,Pix
744,"976,15",14/12/2025,17:12,Caixa,Pix
745,"231,22",23/01/2025,00:20,BB,Pix
746,"362,76",20/12/2025,06:10,Nubank,crédito
747,"1380,52",03/11/2025,19:19,Caixa,crédito
748,"1282,27",16/06/2025,16:43,Nubank,crédito
749,"1310,05",09/04/2025,14:53,Nubank,Pix
750,"1305,7",11/01/2025,19:01,Nubank,crédito
751,"930,17",14/02/2025,12:32,Nubank,débito
752,"1490,9",30/06/2025,04:27,Nubank,Pix
753,"499,81",23/01/2025,08:23,Nubank,crédito
754,"483,24",11/12/2025,18:34,BB,débito
755,"225,58",20/06/2025,01:58,Caixa,crédito
756,"942,19",10/03/2025,16:28,Caixa,crédito
757,"1446,71",04/08/2025,07:38,BB,débito
758,"391,91",21/12/2025,03:10,BB,crédito
759,"75,34",14/01/2025,03:01,Nubank,crédito
760,"1224,76",02/09/2025,14:56,Nubank,crédito
761,"105,98",11/01/2025,02:46,BB,Pix
762,"1367,88",31/10/2025,03:34,BB,Pix
763,"1480,12",25/05/2025,22:32,BB,crédito
764,"115,89",16/11/2025,06:18,Nubank,Pix
765,"1359,93",24/06/2025,08:30,BB,débito
766,"843,81",21/12/2025,01:19,BB,Pix
767,"936,58",04/07/2025,00:21,Caixa,débito
768,"679,58",09/01/2025,08:58,BB,débito
769,"714,36",04/11/2025,01:11,Nubank,Pix
770,"667,54",23/11/2025,02:02,BB,crédito
771,"434,76",21/03/2025,01:36,Caixa,Pix
772,"23,71",22/10/2025,06:28,BB,crédito
773,"1294,96",11/06/2025,12:19,BB,crédito
774,"625,71",10/11/2025,03:14,Nubank,Pix
775,"675,68",04/04/2025,21:59,Nubank,Pix
776,"911,54",04/08/2025,19:42,BB,débito
777,"1191,38",23/07/2025,03:21,BB,Pix
778,"1429,92",01/10/2025,09:57,BB,débito
779,"1056,91",03/07/2025,11:06,BB,crédito
780,"1325,43",21/08/2025,21:16,BB,crédito
781,"130,28",12/07/2025,09:22,Nubank,Pix
782,"1074,54",30/11/2025,02:48,Nubank,débito
783,"630,81",21/03/2025,21:07,BB,Pix
784,"948,47",19/12/2025,14:27,BB,Pix
785,"520,2",03/11/2025,07:09,Nubank,débito
786,"306,7",03/09/2025,10:27,Caixa,Pix
787,"1166,91",30/06/2025,17:34,Nubank,crédito
788,"1020,46",05/01/2025,19:43,Caixa,crédito
789,"1242,15",23/06/2025,01:12,BB,Pix
790,"1032,97",10/08/2025,22:24,BB,crédito
791,"394,13",25/03/2025,03:34,Caixa,crédito
792,"390,97",22/07/2025,17:57,BB,crédito
793,"1009,41",26/02/2025,16:10,Nubank,Pix
794,"1272,88",17/04/2025,23:08,Caixa,Pix
795,"143,01",25/01/2025,18:48,Nubank,Pix
796,"1334,35",20/11/2025,13:50,BB,crédito
797,"161,86",01/06/2025,07:04,Nubank,Pix
798,"191,2",06/09/2025,23:44,Caixa,débito
799,"1454,69",05/04/2025,17:11,Caixa,crédito
800,"421,67",22/05/2025,00:53,Caixa,Pix
801,"167,87",07/06/2025,07:11,BB,Pix
802,"1178,47",16/09/2025,21:31,Caixa,débito
803,"110,74",27/01/2025,03:13,BB,débito
804,"1365,7",06/05/2025,22:31,BB,Pix
805,"599,66",18/01/2025,17:32,BB,débito
806,"1464,18",14/04/2025,05:14,Nubank,Pix
807,"1383,5",12/12/2025,04:13,BB,crédito
808,"1408,8",23/10/2025,23:04,Nubank,Pix
809,"950,93",07/03/2025,15:02,Caixa,crédito
810,"577,17",14/10/2025,14:23,Nubank,crédito
811,"1028,01",11/09/2025,11:16,Nubank,Pix
812,"290,07",07/03/2025,08:38,Caixa,crédito
813,"151,66",26/03/2025,06:53,Caixa,crédito
814,"208,93",22/08/2025,03:36,Nubank,crédito
815,"853,62",18/10/2025,16:45,BB,Pix
816,"1160,07",09/04/2025,20:45,Nubank,crédito
817,"903,09",19/02/2025,10:16,BB,débito
818,"1305,35",10/10/2025,21:16,BB,crédito
819,"87,73",10/11/2025,13:06,BB,crédito
820,"1482,2",12/03/2025,23:30,BB,débito
821,"997,87",26/05/2025,06:47,Caixa,débito
822,"396,6",30/05/2025,18:53,BB,crédito
823,"999,58",03/04/2025,12:54,Caixa,Pix
824,"850,39",13/02/2025,02:45,Caixa,Pix
825,"142,23",14/01/2025,03:14,Nubank,crédito
826,"525,31",26/09/2025,22:04,BB,débito
827,"1289,37",06/03/2025,20:34,Nubank,crédito
828,"1055,89",28/08/2025,16:58,Caixa,crédito
829,"121,12",27/04/2025,02:50,BB,crédito
830,"142,51",21/09/2025,09:44,BB,Pix
831,"412,43",21/01/2025,07:59,Caixa,crédito
832,"1017,42",27/07/2025,09:26,Caixa,crédito
833,"1082,9",02/01/2025,00:13,Caixa,Pix
834,"1138,93",12/12/2025,07:47,Nubank,Pix
835,"1362,16",23/03/2025,19:59,BB,crédito
836,"1263,69",22/01/2025,22:30,BB,crédito
837,"1092,63",08/12/2025,15:07,Nubank,débito
838,"1255,55",17/08/2025,13:02,BB,crédito
839,"45,5",13/12/2025,23:01,BB,crédito
840,"42,81",06/01/2025,19:37,Nubank,Pix
841,"1154,68",17/09/2025,04:13,BB,débito
842,"183,6",26/08/2025,13:03,Caixa,Pix
843,"708,94",04/03/2025,02:40,BB,crédito
844,"1423,19",14/10/2025,20:29,Caixa,débito
845,779,15/10/2025,18:33,Caixa,Pix
846,"778,63",29/07/2025,02:15,BB,crédito
847,"1021,36",25/06/2025,13:14,Caixa,débito
848,"70,34",24/05/2025,11:42,Nubank,Pix
849,"142,29",26/11/2025,11:59,BB,crédito
850,"1172,21",21/02/2025,19:22,Nubank,débito
851,"930,22",09/01/2025,18:48,Caixa,débito
852,"302,56",24/06/2025,12:53,BB,Pix
853,"696,49",07/07/2025,10:10,BB,débito
854,"201,51",14/11/2025,17:35,Caixa,Pix
855,"425,5",20/03/2025,01:11,Caixa,crédito
856,"25,96",23/09/2025,02:53,Caixa,crédito
857,"986,88",15/11/2025,05:24,Nubank,Pix
858,"646,12",22/12/2025,15:11,BB,Pix
859,"937,9",19/01/2025,11:38,Nubank,Pix
860,"229,85",03/01/2025,07:13,Caixa,Pix
861,"1282,96",26/08/2025,00:39,Caixa,Pix
862,"805,65",22/04/2025,07:20,Caixa,crédito
863,"1004,11",31/10/2025,00:39,Nubank,crédito
864,"1365,12",29/01/2025,06:51,Nubank,débito
865,"865,42",08/09/2025,18:25,Nubank,débito
866,"1466,12",11/11/2025,07:47,Caixa,crédito
867,"183,94",03/02/2025,14:49,Nubank,crédito
868,"574,71",03/09/2025,12:43,BB,crédito
869,"998,72",13/01/2025,17:40,Caixa,débito
870,"511,5",07/08/2025,00:51,BB,débito
871,"1127,11",12/01/2025,23:57,Caixa,crédito
872,"76,27",02/01/2025,03:37,Nubank,Pix
873,"1033,16",03/12/2025,00:38,Nubank,crédito
874,"181,97",18/12/2025,06:35,Caixa,Pix
875,"407,1",08/07/2025,16:37,Caixa,crédito
876,"383,05",29/08/2025,13:16,Caixa,débito
877,"297,23",01/11/2025,20:33,Caixa,débito
878,"906,76",10/08/2025,21:15,Caixa,débito
879,"469,15",25/02/2025,02:03,Nubank,crédito
880,"1029,93",17/03/2025,05:29,BB,Pix
881,"899,82",06/01/2025,05:24,Nubank,crédito
882,"149,35",09/05/2025,00:39,BB,crédito
883,"873,68",02/09/2025,16:31,Nubank,débito
884,"1092,34",06/07/2025,13:10,Caixa,Pix
885,"1043,14",26/04/2025,17:56,Nubank,Pix
886,"1436,91",05/05/2025,18:55,BB,Pix
887,"1138,24",23/12/2025,09:39,Nubank,débito
888,"1219,31",17/08/2025,02:47,BB,crédito
889,"730,26",03/04/2025,11:28,Nubank,crédito
890,"447,85",21/01/2025,17:40,Caixa,débito
891,"1045,11",27/02/2025,01:39,Caixa,Pix
892,"1290,75",21/01/2025,14:04,Caixa,Pix
893,"1306,7",20/06/2025,08:30,Nubank,Pix
894,"583,67",16/05/2025,17:10,BB,débito
895,"226,98",18/06/2025,09:29,Caixa,crédito
896,"67,5",13/06/2025,12:57,BB,crédito
897,"1227,07",03/03/2025,11:07,Nubank,Pix
898,"1435,98",06/01/2025,01:24,Caixa,crédito
899,"1156,15",13/10/2025,09:34,Caixa,débito
900,"386,04",05/12/2025,05:02,BB,Pix
901,"533,22",05/02/2025,15:25,Nubank,débito
902,"87,08",08/07/2025,03:47,Nubank,Pix
903,"1423,57",18/12/2025,09:17,BB,débito
904,"1460,35",16/05/2025,21:49,Caixa,Pix
905,"1275,26",15/04/2025,19:33,Nubank,débito
906,"107,8",13/03/2025,05:01,Caixa,débito
907,"1335,59",06/04/2025,13:09,Nubank,Pix
908,"1089,75",25/09/2025,07:36,Caixa,crédito
909,"30,82",28/08/2025,03:10,Caixa,débito
910,"554,31",18/10/2025,17:09,Nubank,crédito
911,"1173,82",31/08/2025,08:34,BB,Pix
912,"1357,6",04/03/2025,06:29,Caixa,crédito
913,"38,74",14/10/2025,03:15,Caixa,crédito
914,"73,54",22/12/2025,06:07,Caixa,crédito
915,"299,87",04/04/2025,04:52,Caixa,Pix
916,"1068,28",04/11/2025,19:13,BB,crédito
917,"417,67",20/11/2025,09:21,BB,débito
918,"883,71",17/06/2025,04:31,BB,Pix
919,"24,67",02/02/2025,20:35,Caixa,débito
920,"591,49",05/02/2025,21:13,BB,crédito
921,"1382,38",24/06/2025,18:39,Nubank,Pix
922,"1376,87",05/01/2025,09:26,Caixa,crédito
923,"1106,7",04/09/2025,02:42,Nubank,débito
924,"526,8",28/12/2025,11:10,Caixa,Pix
925,"957,59",07/08/2025,22:51,Nubank,débito
926,"596,69",21/12/2025,07:23,BB,crédito
927,"1185,63",21/03/2025,10:19,BB,Pix
928,"427,73",19/02/2025,07:17,Nubank,Pix
929,"1071,52",28/06/2025,04:03,BB,Pix
930,"681,93",09/02/2025,09:46,Nubank,crédito
931,"129,22",27/04/2025,19:14,Nubank,Pix
932,"445,12",04/02/2025,15:52,Nubank,débito
933,"1334,44",16/12/2025,17:48,BB,crédito
934,"1329,47",22/07/2025,14:26,Nubank,débito
935,"1277,95",07/11/2025,22:22,BB,Pix
936,"730,25",26/12/2025,22:52,BB,Pix
937,"315,89",20/09/2025,04:53,Nubank,crédito
938,"1496,84",15/08/2025,04:52,Nubank,débito
939,"285,95",01/03/2025,01:23,Caixa,Pix
940,"1369,74",01/02/2025,23:41,Nubank,crédito
941,"558,41",18/08/2025,22:42,Caixa,crédito
942,"312,91",12/11/2025,10:59,Caixa,Pix
943,"806,41",13/02/2025,16:04,Caixa,Pix
944,"1375,68",10/12/2025,03:49,BB,débito
945,"833,25",07/06/2025,21:08,Nubank,débito
946,"80,53",11/02/2025,11:24,Nubank,débito
947,"965,46",04/04/2025,07:01,BB,Pix
948,"721,46",04/04/2025,16:28,BB,Pix
949,"788,9",27/01/2025,12:56,Nubank,débito
950,"853,88",31/01/2025,06:00,Caixa,débito
951,"1105,75",26/06/2025,22:10,Caixa,Pix
952,"1486,27",09/02/2025,19:47,Nubank,Pix
953,596,02/05/2025,09:59,BB,débito
954,"1248,38",08/02/2025,17:21,BB,débito
955,"1214,91",08/12/2025,06:24,BB,Pix
956,"1350,81",03/07/2025,21:33,Nubank,débito
957,"436,76",10/12/2025,07:13,BB,débito
958,"256,14",21/11/2025,09:19,Nubank,crédito
959,"1042,93",02/08/2025,02:11,BB,Pix
960,"726,8",20/10/2025,12:24,Nubank,crédito
961,"172,96",21/03/2025,23:27,BB,crédito
962,"18,34",27/05/2025,08:20,Caixa,Pix
963,"1266,83",23/05/2025,05:52,BB,débito
964,"1442,72",31/08/2025,06:49,Caixa,Pix
965,"1477,74",19/03/2025,02:01,Nubank,Pix
966,"1427,19",20/12/2025,15:38,Caixa,débito
967,"13,07",28/02/2025,18:41,Caixa,débito
968,"825,01",19/11/2025,17:03,Caixa,crédito
969,"178,57",11/02/2025,01:17,Nubank,débito
970,"1203,17",07/10/2025,03:28,Caixa,débito
971,"1135,64",16/09/2025,05:31,Caixa,débito
972,"275,45",12/04/2025,16:18,BB,débito
973,"1357,63",28/12/2025,13:32,BB,débito
974,"1010,26",12/12/2025,00:27,Caixa,crédito
975,"788,42",13/07/2025,15:57,Nubank,crédito
976,"36,73",24/10/2025,07:41,Nubank,débito
977,"1148,38",18/05/2025,19:50,Caixa,Pix
978,"1429,84",11/06/2025,12:43,BB,crédito
979,"208,67",21/02/2025,20:11,BB,débito
980,"211,34",23/05/2025,01:57,BB,débito
981,"1240,76",21/08/2025,07:24,Nubank,Pix
982,"1373,81",10/07/2025,10:18,Caixa,débito
983,"309,53",02/07/2025,00:27,Nubank,Pix
984,"244,67",20/03/2025,11:37,Caixa,crédito
985,"666,65",09/04/2025,04:15,Caixa,crédito
986,"920,29",07/07/2025,11:26,Nubank,Pix
987,"496,76",11/11/2025,01:28,BB,crédito
988,"318,97",26/02/2025,23:44,Nubank,débito
989,"229,42",06/03/2025,23:20,BB,crédito
990,"339,01",04/07/2025,03:27,Caixa,crédito
991,"744,04",11/10/2025,17:35,Nubank,Pix
992,"1495,92",15/12/2025,01:27,Caixa,crédito
993,"128,79",27/10/2025,22:46,Nubank,Pix
994,"1189,78",05/10/2025,23:34,Nubank,débito
995,"1490,28",24/06/2025,08:34,BB,Pix
996,"974,75",19/01/2025,09:57,Nubank,débito
997,"47,13",04/11/2025,20:43,BB,Pix
998,"657,8",07/01/2025,18:40,Caixa,débito
999,"1147,82",11/07/2025,19:57,BB,débito
1000,"1145,52",26/07/2025,17:25,Caixa,crédito
1001,225,30/07/2025,05:27,Caixa,crédito
1002,"900,99",09/12/2025,11:14,Nubank,crédito
1003,"1203,65",15/04/2025,03:09,Nubank,débito
1004,"271,81",09/07/2025,23:06,Nubank,crédito
1005,"1116,73",19/06/2025,06:03,BB,crédito
1006,"370,55",05/12/2025,07:53,BB,crédito
1007,"634,25",27/02/2025,00:39,BB,Pix
1008,"827,06",03/09/2025,09:28,Nubank,Pix
1009,"1414,05",12/02/2025,06:53,Nubank,crédito
1010,"277,12",15/10/2025,12:24,Caixa,débito
1011,"372,11",02/04/2025,02:39,BB,débito
1012,"438,66",11/05/2025,07:10,BB,Pix
1013,"1180,42",25/03/2025,16:00,BB,crédito
1014,"1021,5",20/08/2025,14:16,Caixa,débito
1015,"486,38",24/03/2025,10:50,Nubank,Pix
1016,"530,04",11/03/2025,17:48,Caixa,débito
1017,"746,13",27/03/2025,19:01,Nubank,crédito
1018,"346,76",13/05/2025,22:28,Caixa,débito
1019,"280,37",09/07/2025,16:44,BB,crédito
1020,"120,31",07/07/2025,12:07,Caixa,débito
1021,"575,28",04/07/2025,18:21,Nubank,crédito
1022,"60,13",05/10/2025,15:53,Nubank,crédito
1023,"1201,98",08/09/2025,21:10,Nubank,Pix
1024,"907,46",27/02/2025,14:03,BB,crédito
1025,"870,79",21/03/2025,04:53,Caixa,débito
1026,"442,23",04/03/2025,22:53,Nubank,débito
1027,"281,94",09/07/2025,07:39,BB,crédito
1028,"1425,78",05/05/2025,22:55,BB,débito
1029,"483,56",30/01/2025,11:04,Nubank,crédito
1030,"1176,25",09/04/2025,20:49,Caixa,Pix
1031,"594,65",26/09/2025,23:38,BB,débito
1032,"1079,29",14/11/2025,02:23,Caixa,débito
1033,"239,14",05/04/2025,06:44,Caixa,crédito
1034,"985,05",13/01/2025,15:54,BB,crédito
1035,"1417,69",07/11/2025,17:28,Caixa,Pix
1036,"354,83",11/02/2025,04:06,Nubank,débito
1037,"1418,33",15/04/2025,21:00,Caixa,crédito
1038,"120,39",16/03/2025,12:40,Caixa,crédito
1039,"1353,13",16/07/2025,14:07,Nubank,crédito
1040,"1184,19",01/08/2025,00:13,Caixa,débito
1041,"1302,11",30/01/2025,01:11,BB,Pix
1042,"483,19",17/05/2025,15:30,BB,crédito
1043,"1149,44",25/06/2025,21:26,Caixa,Pix
1044,"1211,03",27/01/2025,12:21,BB,Pix
1045,"260,74",01/07/2025,07:23,Caixa,Pix
1046,"1385,03",28/02/2025,11:53,Caixa,crédito
1047,"1008,59",22/06/2025,13:20,BB,crédito
1048,90,27/07/2025,22:36,Caixa,crédito
1049,"684,08",18/07/2025,06:44,Nubank,crédito
1050,"1459,51",18/10/2025,13:09,Nubank,crédito
1051,"79,91",26/10/2025,04:58,Caixa,Pix
1052,"369,96",20/04/2025,11:00,BB,débito
1053,"67,19",27/12/2025,03:50,BB,débito
1054,"964,18",30/08/2025,22:14,Caixa,débito
1055,"700,77",18/01/2025,22:14,Nubank,débito
1056,"138,73",15/07/2025,05:02,Nubank,Pix
1057,"849,61",28/12/2025,10:08,BB,Pix
1058,"332,01",20/06/2025,13:23,Caixa,crédito
1059,"537,38",09/08/2025,14:27,Nubank,débito
1060,"323,55",03/12/2025,20:45,Caixa,Pix
1061,"29,42",09/07/2025,01:19,BB,crédito
1062,"1372,72",20/01/2025,00:43,Nubank,Pix
1063,"134,53",04/07/2025,08:46,Caixa,crédito
1064,"360,81",02/05/2025,23:34,BB,débito
1065,"85,1",03/02/2025,21:09,Nubank,crédito
1066,"213,28",31/12/2025,00:18,BB,crédito
1067,"147,98",29/03/2025,13:28,Caixa,crédito
1068,"589,09",03/07/2025,08:52,BB,crédito
1069,"1374,76",30/05/2025,04:03,Caixa,crédito
1070,"514,63",02/11/2025,14:35,Caixa,Pix
1071,"38,66",28/05/2025,18:00,Caixa,Pix
1072,"426,04",22/05/2025,01:40,Nubank,débito
1073,"947,66",03/05/2025,20:53,Nubank,Pix
1074,"237,9",08/10/2025,00:36,Nubank,Pix
1075,"282,62",03/12/2025,21:34,BB,débito
1076,"282,75",24/06/2025,13:41,Nubank,Pix
1077,"1126,43",15/02/2025,04:36,BB,Pix
1078,"1052,93",14/11/2025,22:20,Nubank,débito
1079,"663,92",09/04/2025,00:48,Caixa,débito
1080,"537,68",03/02/2025,02:20,Nubank,Pix
1081,"574,43",10/03/2025,15:36,Caixa,débito
1082,"345,25",08/05/2025,01:10,Nubank,Pix
1083,"1480,94",24/03/2025,10:42,Nubank,débito
1084,"315,64",09/06/2025,05:57,BB,débito
1085,"328,89",14/01/2025,16:41,BB,Pix
1086,"1246,89",19/09/2025,04:24,BB,crédito
1087,"734,66",02/10/2025,18:28,Caixa,Pix
1088,"1207,34",27/02/2025,18:33,Caixa,débito
1089,"707,59",27/10/2025,03:27,BB,Pix
1090,"972,56",19/07/2025,20:31,Caixa,crédito
1091,"952,27",17/01/2025,06:04,BB,crédito
1092,"1236,1",01/10/2025,19:08,BB,Pix
1093,"580,38",31/01/2025,06:56,Caixa,crédito
1094,"90,91",03/12/2025,21:55,BB,Pix
1095,"703,79",03/05/2025,00:16,BB,crédito
1096,"729,14",15/08/2025,19:09,BB,Pix
1097,"121,7",23/03/2025,08:53,BB,débito
1098,"758,58",09/01/2025,21:49,Nubank,débito
1099,"1099,73",27/05/2025,09:53,BB,crédito
1100,"1413,58",09/11/2025,18:50,Caixa,crédito
1101,"299,59",08/04/2025,04:09,Caixa,débito
1102,"955,37",06/04/2025,12:18,Nubank,Pix
1103,"405,48",07/07/2025,22:53,Caixa,crédito
1104,"1237,56",26/07/2025,10:20,Nubank,crédito
1105,"1402,69",17/01/2025,14:42,BB,débito
1106,"121,98",05/06/2025,05:41,BB,crédito
1107,"1194,3",08/03/2025,01:01,Nubank,débito
1108,"862,53",17/09/2025,04:24,Caixa,crédito
1109,"506,33",08/03/2025,22:24,BB,débito
1110,"1033,89",15/03/2025,05:36,Nubank,Pix
1111,"293,39",29/06/2025,05:35,Caixa,Pix
1112,"1253,97",26/09/2025,14:28,BB,débito
1113,"1022,21",06/01/2025,17:28,Caixa,crédito
1114,"408,46",06/10/2025,13:57,BB,débito
1115,"1109,1",04/12/2025,20:12,Caixa,débito
1116,"289,05",18/04/2025,17:48,Caixa,Pix
1117,"1207,18",08/10/2025,04:34,BB,crédito
1118,"1448,12",11/12/2025,01:26,Nubank,débito
1119,"454,42",21/08/2025,07:59,Caixa,Pix
1120,"982,02",25/09/2025,20:04,BB,débito
1121,"928,55",07/09/2025,20:17,BB,débito
1122,"547,97",21/01/2025,06:22,Nubank,crédito
1123,"432,71",10/06/2025,01:54,BB,débito
1124,"938,77",11/03/2025,14:35,BB,Pix
1125,"1419,42",03/10/2025,07:54,Caixa,débito
1126,"1093,51",07/11/2025,01:57,Nubank,crédito
1127,"397,23",07/06/2025,11:10,Caixa,débito
1128,"1207,52",06/04/2025,19:55,Nubank,crédito
1129,"887,28",27/08/2025,20:27,Nubank,Pix
1130,"607,21",05/04/2025,03:44,Nubank,Pix
1131,"782,14",03/08/2025,14:26,BB,débito
1132,"303,8",29/08/2025,03:47,BB,débito
1133,"344,07",09/10/2025,21:14,Nubank,crédito
1134,"410,96",06/05/2025,22:24,BB,crédito
1135,"950,47",06/12/2025,14:04,BB,crédito
1136,"778,13",13/01/2025,20:30,BB,Pix
1137,"810,19",17/09/2025,08:03,BB,débito
1138,"1198,39",09/10/2025,23:47,BB,crédito
1139,"1222,49",11/04/2025,15:42,Nubank,crédito
1140,"915,37",09/07/2025,01:10,Nubank,débito
1141,"665,11",03/06/2025,21:34,BB,crédito
1142,"1471,22",25/01/2025,01:57,Nubank,Pix
1143,"1367,09",17/09/2025,03:10,Caixa,crédito
1144,"635,2",19/07/2025,17:45,Caixa,débito
1145,"718,35",30/04/2025,16:44,BB,Pix
1146,"722,42",17/11/2025,06:05,Nubank,débito
1147,"1442,24",04/09/2025,07:32,Caixa,crédito
1148,"1443,2",16/05/2025,22:20,BB,débito
1149,"292,4",07/03/2025,04:59,Nubank,crédito
1150,"1240,59",11/09/2025,12:40,Caixa,crédito
1151,"662,75",28/07/2025,04:43,BB,Pix
1152,"1264,05",03/10/2025,21:59,Nubank,Pix
1153,"544,01",04/11/2025,09:15,Nubank,Pix
1154,"835,08",22/08/2025,22:16,Nubank,crédito
1155,"211,13",19/04/2025,17:19,Nubank,débito
1156,"198,49",08/03/2025,14:11,Nubank,débito
1157,"418,21",12/01/2025,05:47,BB,Pix
1158,"1284,34",29/09/2025,13:51,BB,Pix
1159,"598,73",13/05/2025,14:17,BB,crédito
1160,"531,53",19/09/2025,13:39,BB,Pix
1161,"1308,49",19/01/2025,15:37,Nubank,crédito
1162,"222,08",11/10/2025,17:22,Caixa,Pix
1163,"618,23",18/04/2025,15:29,BB,Pix
1164,"131,11",15/04/2025,18:56,Caixa,débito
1165,"635,78",03/01/2025,19:43,BB,débito
1166,"1335,25",13/11/2025,00:18,Nubank,Pix
1167,"1020,71",18/03/2025,12:12,BB,Pix
1168,"210,81",26/07/2025,16:29,Caixa,débito
1169,"1102,4",23/08/2025,04:18,Nubank,Pix
1170,"74,38",04/12/2025,11:36,Nubank,crédito
1171,"906,94",28/04/2025,21:51,Caixa,crédito
1172,"499,26",21/12/2025,06:55,Nubank,Pix
1173,"1278,59",13/11/2025,16:26,Nubank,Pix
1174,"872,11",14/08/2025,02:22,Caixa,débito
1175,"930,61",08/09/2025,14:48,BB,crédito
1176,"449,34",17/02/2025,05:16,Nubank,débito
1177,"1178,06",03/03/2025,01:36,Caixa,débito
1178,"600,65",05/08/2025,09:44,Caixa,débito
1179,"152,3",17/07/2025,19:04,BB,débito
1180,"233,3",12/08/2025,15:36,BB,débito
1181,"904,5",27/04/2025,03:01,Nubank,Pix
1182,"352,83",30/05/2025,11:04,Caixa,Pix
1183,"1175,25",05/12/2025,07:40,BB,Pix
1184,"1374,29",10/07/2025,09:43,BB,débito
1185,"45,82",29/09/2025,06:40,Caixa,crédito
1186,"1168,62",02/10/2025,06:38,Nubank,débito
1187,"1152,52",10/08/2025,10:47,Caixa,Pix
1188,"283,96",29/08/2025,06:56,BB,débito
1189,"107,04",15/12/2025,07:32,BB,débito
1190,"130,41",14/12/2025,12:02,Nubank,crédito
1191,"1441,3",03/06/2025,09:57,BB,débito
1192,"1138,31",15/12/2025,20:45,Caixa,Pix
1193,"724,96",11/11/2025,03:09,Caixa,débito
1194,"1305,72",03/04/2025,12:39,Caixa,débito
1195,"786,05",26/03/2025,11:36,Nubank,crédito
1196,"1373,13",11/08/2025,23:48,Caixa,Pix
1197,"61,97",02/01/2025,15:08,Caixa,crédito
1198,"441,07",20/10/2025,03:51,BB,crédito
1199,"1304,82",22/03/2025,07:05,Nubank,crédito
1200,"395,76",24/08/2025,18:56,Nubank,crédito
1201,"244,63",26/09/2025,04:36,Nubank,crédito
1202,"141,69",30/12/2025,04:24,BB,Pix
1203,"1353,85",03/04/2025,17:47,Caixa,crédito
1204,"1375,51",08/05/2025,17:47,BB,débito
1205,"1300,08",21/02/2025,10:57,BB,Pix
1206,"1487,05",23/11/2025,21:27,Nubank,débito
1207,"452,47",08/06/2025,17:08,Caixa,crédito
1208,"133,05",26/05/2025,02:13,BB,Pix
1209,"495,52",20/02/2025,03:29,Caixa,Pix
1210,"1252,03",24/11/2025,00:31,Caixa,débito
1211,"575,02",23/11/2025,17:47,Nubank,crédito
1212,"1025,58",18/02/2025,09:13,Nubank,Pix
1213,"846,89",07/02/2025,02:01,Nubank,débito
1214,"1477,39",26/01/2025,11:37,Nubank,débito
1215,"1343,67",25/02/2025,02:20,BB,Pix
1216,"940,87",11/07/2025,01:19,Caixa,débito
1217,"432,86",30/05/2025,18:53,Nubank,crédito
1218,"430,24",25/12/2025,23:20,Caixa,Pix
1219,"1364,09",17/07/2025,01:34,Nubank,Pix
1220,"471,55",26/07/2025,17:16,Nubank,Pix
1221,"757,5",18/01/2025,22:36,BB,crédito
1222,"189,97",28/04/2025,09:41,Nubank,crédito
1223,"465,12",07/12/2025,12:07,Nubank,crédito
1224,"1096,51",10/10/2025,11:30,Nubank,crédito
1225,"273,43",26/03/2025,13:45,Caixa,Pix
1226,"265,17",31/07/2025,02:59,Nubank,Pix
1227,"923,97",11/03/2025,19:13,BB,Pix
1228,"1272,52",21/05/2025,02:35,Caixa,crédito
1229,"835,99",30/10/2025,20:14,Nubank,Pix
1230,"565,7",07/04/2025,09:06,Caixa,crédito
1231,"287,48",21/07/2025,05:47,BB,crédito
1232,"1073,41",06/09/2025,10:49,BB,débito
1233,"481,09",29/06/2025,12:02,Caixa,débito
1234,"915,43",26/06/2025,23:00,BB,Pix
1235,"177,63",11/05/2025,14:33,Caixa,débito
1236,"971,28",15/04/2025,23:39,BB,débito
1237,"892,55",18/02/2025,10:35,BB,crédito
1238,"882,24",16/08/2025,08:47,Caixa,débito
1239,"325,52",10/06/2025,08:11,Nubank,débito
1240,"114,07",02/11/2025,01:32,Caixa,Pix
1241,"1067,96",23/03/2025,21:20,Nubank,crédito
1242,"931,64",22/09/2025,00:20,BB,crédito
1243,"1016,7",19/11/2025,16:05,BB,débito
1244,"1334,59",21/05/2025,16:22,BB,crédito
1245,"195,56",05/12/2025,23:16,Caixa,crédito
1246,"781,33",21/02/2025,08:19,Caixa,Pix
1247,"289,04",24/04/2025,23:23,Caixa,débito
1248,"697,35",06/11/2025,00:43,Nubank,crédito
1249,"1035,57",11/09/2025,21:19,Nubank,débito
1250,"905,35",03/09/2025,05:52,BB,crédito
1251,"302,27",26/06/2025,10:01,BB,crédito
1252,"376,07",18/12/2025,11:34,Nubank,Pix
1253,"1479,13",03/01/2025,17:43,BB,Pix
1254,"487,08",24/02/2025,10:44,BB,Pix
1255,"813,97",27/10/2025,02:16,Nubank,débito
1256,"732,09",27/04/2025,22:40,BB,crédito
1257,"338,3",22/07/2025,02:56,Caixa,débito
1258,"488,36",21/07/2025,23:51,Caixa,Pix
1259,"590,02",12/06/2025,23:25,BB,débito
1260,"731,98",25/05/2025,10:50,Nubank,Pix
1261,"534,36",24/12/2025,22:05,Caixa,Pix
1262,"1221,65",13/07/2025,02:32,Caixa,crédito
1263,"1020,42",02/07/2025,10:31,BB,crédito
1264,"1453,72",14/03/2025,16:14,Nubank,crédito
1265,"194,1",25/03/2025,08:53,BB,Pix
1266,"180,37",23/04/2025,06:45,BB,Pix
1267,"1177,17",21/05/2025,06:24,Caixa,crédito
1268,"1144,89",12/09/2025,17:51,BB,Pix
1269,"128,91",05/05/2025,16:41,BB,Pix
1270,"1486,92",28/11/2025,08:51,Caixa,débito
1271,"489,46",05/03/2025,12:45,BB,crédito
1272,"1099,32",30/09/2025,07:17,BB,crédito
1273,"947,96",01/11/2025,19:20,Nubank,crédito
1274,"1026,17",16/11/2025,06:13,Caixa,crédito
1275,"899,88",12/07/2025,14:55,Caixa,débito
1276,"1003,17",22/02/2025,14:45,BB,Pix
1277,"743,79",07/01/2025,22:30,Caixa,crédito
1278,"123,36",05/08/2025,17:06,Caixa,crédito
1279,"999,35",25/05/2025,17:53,Caixa,crédito
1280,"947,26",21/03/2025,16:33,Caixa,débito
1281,"136,84",22/08/2025,01:54,Nubank,Pix
1282,"295,87",14/11/2025,09:03,Caixa,débito
1283,"585,19",28/05/2025,01:58,Caixa,débito
1284,"1027,02",08/11/2025,21:26,Caixa,crédito
1285,"1438,01",18/11/2025,21:52,Caixa,Pix
1286,"1366,26",15/10/2025,05:50,Caixa,Pix
1287,"135,51",08/01/2025,10:45,Caixa,Pix
1288,"397,54",24/12/2025,12:13,Nubank,crédito
1289,"893,75",27/07/2025,16:32,BB,crédito
1290,"1338,61",12/03/2025,14:59,Caixa,débito
1291,"442,61",01/05/2025,02:53,Nubank,débito
1292,"945,13",01/01/2025,01:58,Caixa,crédito
1293,"746,77",06/11/2025,19:53,Caixa,Pix
1294,"1098,83",12/04/2025,08:41,BB,débito
1295,"14,43",27/09/2025,00:28,Caixa,crédito
1296,"232,23",29/07/2025,23:50,BB,débito
1297,"497,05",19/01/2025,05:54,Nubank,Pix
1298,"1173,6",14/10/2025,18:56,Caixa,débito
1299,"553,27",14/03/2025,07:01,Caixa,débito
1300,"1113,23",29/03/2025,02:00,Caixa,Pix
1301,"166,89",12/11/2025,08:03,Caixa,crédito
1302,"146,14",07/03/2025,11:50,Caixa,Pix
1303,"661,84",23/07/2025,04:00,BB,débito
1304,"1095,3",30/03/2025,13:39,Nubank,Pix
1305,"650,1",02/06/2025,16:16,BB,crédito
1306,"476,02",11/09/2025,11:34,Caixa,Pix
1307,"1270,07",03/11/2025,12:25,Nubank,Pix
1308,"577,33",31/05/2025,21:19,BB,Pix
1309,"875,48",05/01/2025,18:04,Caixa,débito
1310,"1367,23",22/11/2025,08:47,BB,débito
1311,"1085,23",14/04/2025,19:46,Nubank,Pix
1312,"968,87",07/04/2025,18:07,BB,crédito
1313,"424,82",29/05/2025,10:50,Nubank,Pix
1314,"1094,59",21/07/2025,12:52,Nubank,crédito
1315,"1221,49",01/11/2025,17:55,BB,Pix
1316,"332,77",24/04/2025,09:16,BB,crédito
1317,"428,58",16/12/2025,08:25,Caixa,crédito
1318,"870,48",22/10/2025,00:55,Nubank,crédito
1319,"444,16",10/04/2025,16:25,Nubank,débito
1320,"1042,42",05/07/2025,15:39,BB,débito
1321,"471,21",19/09/2025,01:15,Nubank,Pix
1322,"398,39",04/06/2025,18:51,BB,Pix
1323,"1303,29",29/04/2025,21:00,Caixa,débito
1324,"398,76",01/04/2025,17:51,Nubank,débito
1325,"542,28",10/11/2025,00:30,Caixa,débito
1326,"770,71",28/02/2025,09:28,Nubank,crédito
1327,"1191,31",30/05/2025,19:01,Nubank,débito
1328,"463,45",13/03/2025,17:03,BB,Pix
1329,"1044,53",12/12/2025,17:23,Nubank,Pix
1330,"1287,74",23/12/2025,21:41,Nubank,Pix
1331,"1388,73",03/07/2025,03:35,Caixa,Pix
1332,"289,42",15/09/2025,02:48,Caixa,crédito
1333,"506,82",06/11/2025,17:48,Nubank,crédito
1334,"178,31",08/02/2025,13:46,BB,débito
1335,"1207,33",27/09/2025,00:35,Nubank,crédito
1336,"1089,76",07/03/2025,19:29,BB,Pix
1337,"1423,71",14/03/2025,17:51,Caixa,débito
1338,"150,58",28/12/2025,14:47,Caixa,Pix
1339,"1405,26",17/03/2025,04:14,BB,débito
1340,"1039,02",20/01/2025,16:38,Caixa,crédito
1341,"166,59",16/07/2025,11:42,BB,crédito
1342,"209,67",08/11/2025,06:01,BB,crédito
1343,"143,93",26/08/2025,03:19,Caixa,crédito
1344,"1110,99",27/07/2025,18:50,Caixa,crédito
1345,"384,12",04/10/2025,13:45,Nubank,Pix
1346,"1447,58",25/09/2025,20:57,Nubank,débito
1347,"992,62",28/12/2025,19:34,Nubank,débito
1348,"984,3",11/11/2025,18:59,Caixa,débito
1349,"1470,74",10/01/2025,23:16,Nubank,débito
1350,"107,29",02/03/2025,20:35,Nubank,débito
1351,"814,06",21/04/2025,23:20,Nubank,crédito
1352,"1192,29",03/06/2025,11:30,Nubank,débito
1353,"52,25",10/01/2025,04:19,Caixa,crédito
1354,"285,45",31/01/2025,07:02,BB,crédito
1355,"1431,92",22/04/2025,19:22,Nubank,débito
1356,"1269,55",14/02/2025,12:51,BB,crédito
1357,"374,02",05/02/2025,16:20,Caixa,Pix
1358,"250,98",08/01/2025,21:23,BB,crédito
1359,"364,41",06/10/2025,09:10,Nubank,crédito
1360,"472,91",17/08/2025,07:32,Caixa,débito
1361,"377,12",21/06/2025,10:17,BB,crédito
1362,"1089,33",19/03/2025,03:45,Nubank,débito
1363,"352,36",13/08/2025,09:56,Caixa,débito
1364,"1140,51",29/03/2025,03:25,Nubank,débito
1365,"220,87",25/01/2025,17:33,Caixa,Pix
1366,"1358,85",28/07/2025,23:02,Caixa,Pix
1367,"641,8",26/05/2025,01:08,Nubank,crédito
1368,"1106,08",21/11/2025,18:48,BB,crédito
1369,"693,06",28/10/2025,07:11,Caixa,débito
1370,"1328,87",07/12/2025,04:00,Caixa,crédito
1371,"942,31",20/07/2025,06:41,Nubank,débito
1372,"840,05",24/07/2025,10:34,Caixa,débito
1373,"374,16",03/12/2025,19:11,BB,crédito
1374,"682,65",05/09/2025,16:35,BB,crédito
1375,"1278,85",11/04/2025,01:41,Caixa,Pix
1376,"1460,1",25/10/2025,23:38,BB,crédito
1377,"1460,54",02/06/2025,04:29,Nubank,Pix
1378,"874,44",28/11/2025,21:54,Caixa,crédito
1379,"862,38",07/03/2025,12:35,Caixa,Pix
1380,"1002,45",15/11/2025,16:59,Nubank,débito
1381,"1088,92",10/02/2025,03:43,Caixa,crédito
1382,"1278,5",23/03/2025,16:10,Caixa,Pix
1383,"103,25",08/05/2025,10:53,BB,Pix
1384,"955,67",13/07/2025,07:34,BB,crédito
1385,"978,53",27/04/2025,15:42,BB,débito
1386,"45,55",03/09/2025,01:41,Nubank,Pix
1387,"1102,68",11/07/2025,16:50,Caixa,Pix
1388,"80,3",17/02/2025,03:23,Nubank,crédito
1389,"1092,04",11/12/2025,01:31,BB,débito
1390,"709,73",24/12/2025,14:19,BB,Pix
1391,"518,86",20/02/2025,22:40,BB,débito
1392,"197,47",16/09/2025,15:41,BB,débito
1393,"425,2",17/10/2025,09:56,BB,crédito
1394,"1238,46",07/07/2025,04:15,Caixa,débito
1395,"453,9",23/10/2025,08:17,BB,Pix
1396,"1319,44",01/05/2025,14:07,Caixa,débito
1397,"1052,51",16/03/2025,15:34,Caixa,Pix
1398,"1156,91",05/09/2025,05:15,Caixa,crédito
1399,"192,59",19/05/2025,12:48,Nubank,Pix
1400,"434,05",22/07/2025,04:40,BB,Pix
1401,"1153,23",20/01/2025,15:50,Caixa,débito
1402,"758,88",10/04/2025,21:30,Nubank,Pix
1403,36,21/06/2025,17:03,Nubank,débito
1404,"156,53",18/01/2025,22:40,Caixa,Pix
1405,"629,84",05/04/2025,12:15,BB,débito
1406,"110,28",03/12/2025,01:55,BB,crédito
1407,"21,57",04/03/2025,16:47,Nubank,Pix
1408,"458,29",11/09/2025,05:45,Caixa,débito
1409,"527,74",16/05/2025,12:36,Caixa,crédito
1410,"81,25",07/09/2025,13:38,Caixa,débito
1411,"311,31",10/11/2025,03:59,BB,débito
1412,"703,79",10/04/2025,21:37,Caixa,débito
1413,"1277,04",26/04/2025,22:21,Nubank,Pix
1414,"1246,84",10/09/2025,19:32,Caixa,débito
1415,"443,2",29/07/2025,21:42,Caixa,Pix
1416,"510,29",14/01/2025,01:26,Caixa,crédito
1417,"686,03",21/01/2025,01:24,BB,Pix
1418,"16,91",30/08/2025,03:43,Caixa,crédito
1419,"579,73",24/04/2025,12:32,BB,Pix
1420,"858,59",01/08/2025,02:09,Caixa,débito
1421,"1283,18",28/06/2025,03:13,Nubank,Pix
1422,"601,29",05/08/2025,01:17,BB,crédito
1423,"1258,36",25/04/2025,00:17,BB,débito
1424,"323,22",29/04/2025,01:41,Caixa,crédito
1425,"16,87",22/02/2025,14:26,BB,Pix
1426,"695,83",07/07/2025,15:35,Caixa,crédito
1427,"254,25",25/06/2025,06:07,Nubank,Pix
1428,"271,89",18/02/2025,05:52,Caixa,débito
1429,"294,87",20/07/2025,02:06,Caixa,Pix
1430,"95,76",24/04/2025,23:24,BB,débito
1431,"12,99",12/11/2025,05:05,BB,Pix
1432,"31,74",25/05/2025,20:57,BB,Pix
1433,"1298,9",03/11/2025,15:29,BB,débito
1434,"728,35",05/11/2025,02:33,BB,Pix
1435,"1230,71",08/02/2025,03:03,BB,débito
1436,"377,7",19/08/2025,09:38,BB,Pix
1437,"1103,94",09/05/2025,11:18,Nubank,Pix
1438,"1440,19",24/11/2025,02:40,BB,Pix
1439,"239,75",26/06/2025,04:36,Nubank,débito
1440,"738,65",09/08/2025,19:12,BB,Pix
1441,"902,35",29/10/2025,06:52,BB,débito
1442,"791,26",10/04/2025,04:31,Nubank,crédito
1443,"799,55",23/12/2025,11:42,BB,crédito
1444,"1089,08",08/06/2025,23:44,Caixa,Pix
1445,"504,71",26/02/2025,04:57,Caixa,Pix
1446,"952,76",30/12/2025,07:31,BB,Pix
1447,"347,34",09/09/2025,02:27,BB,débito
1448,"427,29",31/01/2025,14:39,Caixa,débito
1449,"1383,78",11/12/2025,17:02,Nubank,crédito
1450,"1384,54",06/07/2025,05:19,Nubank,crédito
1451,"1078,24",24/11/2025,13:20,BB,crédito
1452,"976,07",10/12/2025,03:00,Caixa,débito
1453,"1470,76",31/01/2025,17:02,Caixa,débito
1454,"1368,79",06/03/2025,18:48,Nubank,débito
1455,"965,57",29/03/2025,13:14,Nubank,débito
1456,"1060,36",26/02/2025,21:22,Nubank,Pix
1457,"461,63",24/10/2025,17:16,BB,Pix
1458,"318,44",12/04/2025,12:41,Caixa,Pix
1459,"1115,16",22/12/2025,14:10,Nubank,crédito
1460,"782,75",16/01/2025,22:30,BB,débito
1461,"1132,25",08/01/2025,06:51,Caixa,crédito
1462,"43,43",21/01/2025,07:54,BB,Pix
1463,"376,98",30/06/2025,06:46,Caixa,crédito
1464,"953,42",04/10/2025,03:34,BB,débito
1465,"519,08",17/08/2025,14:59,Nubank,débito
1466,"201,43",26/04/2025,04:30,Nubank,crédito
1467,"480,35",29/08/2025,23:38,Nubank,Pix
1468,"52,77",15/07/2025,11:09,Caixa,débito
1469,"185,05",04/10/2025,09:01,BB,débito
1470,"747,27",08/02/2025,06:08,Caixa,crédito
1471,"238,92",15/07/2025,07:50,Caixa,crédito
1472,"811,3",03/03/2025,00:50,BB,crédito
1473,"584,77",02/08/2025,20:53,Nubank,Pix
1474,"508,86",05/05/2025,23:42,Caixa,crédito
1475,"1234,91",22/12/2025,22:49,Nubank,débito
1476,"1305,65",11/09/2025,20:08,Caixa,Pix
1477,"748,94",24/10/2025,01:11,Nubank,Pix
1478,"325,9",22/04/2025,17:44,Nubank,crédito
1479,"298,14",11/05/2025,00:01,Nubank,débito
1480,"1325,15",17/08/2025,11:49,Nubank,crédito
1481,"1443,76",17/07/2025,00:49,Nubank,débito
1482,"526,47",24/06/2025,12:43,Caixa,débito
1483,"721,26",18/05/2025,18:09,Nubank,Pix
1484,"1240,15",16/09/2025,23:00,BB,débito
1485,"937,84",31/10/2025,14:30,Caixa,débito
1486,"315,17",07/01/2025,02:57,Caixa,Pix
1487,"1423,55",11/08/2025,16:11,Nubank,crédito
1488,"1272,61",30/03/2025,02:32,BB,débito
1489,"1466,12",24/08/2025,23:03,BB,Pix
1490,"1035,05",13/09/2025,06:20,BB,crédito
1491,"1473,84",24/05/2025,08:07,Caixa,débito
1492,"884,91",15/03/2025,21:07,Nubank,débito
1493,"760,88",02/10/2025,22:24,BB,crédito
1494,"432,67",17/08/2025,02:03,Caixa,débito
1495,"1073,71",07/06/2025,09:18,Nubank,crédito
1496,"651,24",07/10/2025,10:51,BB,Pix
1497,"298,15",02/05/2025,04:28,BB,crédito
1498,"371,02",22/11/2025,05:21,Caixa,crédito
1499,"1060,27",19/05/2025,07:42,Nubank,crédito
1500,"95,55",21/11/2025,14:53,Caixa,débito
1501,"1063,83",23/11/2025,16:45,Nubank,crédito
1502,"728,77",03/05/2025,05:39,BB,Pix
1503,"478,11",06/09/2025,08:02,Nubank,Pix
1504,"1211,31",15/04/2025,08:20,Caixa,débito
1505,"288,66",13/06/2025,18:46,Caixa,crédito
1506,"899,74",05/09/2025,08:46,BB,crédito
1507,"531,4",21/09/2025,15:17,BB,crédito
1508,"660,66",30/04/2025,10:45,BB,crédito
1509,"752,77",23/02/2025,22:01,BB,débito
1510,"1423,85",24/12/2025,10:02,Nubank,crédito
1511,"343,77",31/10/2025,17:52,BB,débito
1512,"994,55",16/12/2025,19:11,BB,Pix
1513,"742,19",06/04/2025,23:16,Caixa,crédito
1514,"603,33",28/10/2025,12:55,BB,Pix
1515,"600,61",25/07/2025,01:48,BB,débito
1516,"654,87",01/09/2025,08:25,BB,débito
1517,"649,71",23/11/2025,04:25,Caixa,crédito
1518,"199,38",10/02/2025,03:10,BB,débito
1519,"367,22",26/10/2025,02:34,BB,crédito
1520,"26,67",16/11/2025,09:37,Caixa,crédito
1521,"920,46",03/10/2025,09:57,BB,crédito
1522,"1380,47",25/10/2025,09:38,Nubank,crédito
1523,"763,87",20/12/2025,20:33,Nubank,Pix
1524,"826,79",24/06/2025,02:34,Nubank,crédito
1525,"1071,21",31/08/2025,17:24,Nubank,Pix
1526,"1228,01",25/03/2025,15:42,BB,débito
1527,"893,75",07/07/2025,02:02,Nubank,Pix
1528,"466,22",16/04/2025,04:21,Caixa,Pix
1529,"553,61",10/03/2025,14:50,BB,Pix
1530,"70,25",24/04/2025,05:09,Nubank,débito
1531,"1351,1",04/06/2025,11:24,Caixa,crédito
1532,"410,1",06/07/2025,08:49,Nubank,Pix
1533,"772,68",22/05/2025,20:18,Nubank,débito
1534,"182,12",09/12/2025,20:57,Nubank,Pix
1535,"1324,59",03/01/2025,01:13,Nubank,Pix
1536,"286,48",29/04/2025,10:32,BB,crédito
1537,"1013,1",24/05/2025,00:06,Caixa,débito
1538,"623,31",27/02/2025,12:53,BB,crédito
1539,"1104,39",20/12/2025,00:40,Caixa,crédito
1540,"1251,62",29/05/2025,10:04,Nubank,débito
1541,"1141,85",11/02/2025,08:23,BB,crédito
1542,"272,25",21/08/2025,03:39,Caixa,débito
1543,"487,53",12/12/2025,01:19,Caixa,Pix
1544,"611,32",02/05/2025,22:08,Caixa,Pix
1545,"973,86",07/06/2025,07:31,Caixa,crédito
1546,"1093,9",13/04/2025,00:00,BB,Pix
1547,894,19/12/2025,23:50,BB,crédito
1548,"630,94",10/04/2025,22:46,Caixa,crédito
1549,"882,07",26/04/2025,07:18,Nubank,Pix
1550,"461,59",02/08/2025,20:10,BB,débito
1551,"955,05",31/01/2025,01:21,BB,Pix
1552,"1016,72",02/08/2025,14:25,BB,crédito
1553,"446,8",05/10/2025,01:31,Nubank,Pix
1554,"238,22",15/04/2025,18:34,BB,crédito
1555,"906,43",21/02/2025,14:25,BB,crédito
1556,"1445,51",16/05/2025,02:21,BB,crédito
1557,"895,46",01/03/2025,02:17,BB,débito
1558,"35,83",05/10/2025,00:43,BB,débito
1559,"251,69",17/07/2025,02:34,BB,crédito
1560,"1426,16",28/10/2025,04:59,Caixa,crédito
1561,"1254,57",29/10/2025,21:54,BB,Pix
1562,"1101,2",25/01/2025,01:33,BB,crédito
1563,"1172,37",12/06/2025,06:52,Caixa,débito
1564,"1061,12",25/05/2025,16:04,BB,Pix
1565,"513,46",16/04/2025,20:01,BB,crédito
1566,"774,11",01/02/2025,07:03,Caixa,Pix
1567,"791,91",20/10/2025,12:59,Caixa,Pix
1568,"146,09",27/07/2025,16:09,BB,Pix
1569,"1097,9",07/05/2025,07:29,BB,Pix
1570,"372,29",16/10/2025,08:57,Nubank,crédito
1571,"651,15",20/03/2025,10:18,Nubank,débito
1572,"59,21",18/06/2025,07:44,BB,débito
1573,"617,51",08/03/2025,23:14,Caixa,crédito
1574,"1198,74",26/05/2025,20:51,BB,débito
1575,"1039,34",08/10/2025,04:01,BB,Pix
1576,"250,01",02/09/2025,19:51,Caixa,débito
1577,"978,34",02/10/2025,08:20,Nubank,débito
1578,"1305,92",21/03/2025,15:07,BB,crédito
1579,"1215,84",06/09/2025,14:33,BB,crédito
1580,"1168,82",15/10/2025,14:59,BB,débito
1581,"1065,78",11/03/2025,17:44,Nubank,Pix
1582,"302,12",04/07/2025,04:27,Nubank,crédito
1583,"1036,23",27/08/2025,07:41,BB,crédito
1584,"22,65",04/11/2025,03:47,Caixa,Pix
1585,"1319,28",02/09/2025,22:43,Nubank,débito
1586,"788,5",16/12/2025,09:50,BB,Pix
1587,"1339,6",16/01/2025,10:20,Caixa,Pix
1588,"530,12",03/12/2025,10:30,Caixa,débito
1589,"1392,71",02/04/2025,20:45,BB,crédito
1590,"448,29",23/04/2025,02:31,BB,débito
1591,"286,36",30/06/2025,01:20,Caixa,Pix
1592,"1068,06",15/08/2025,08:23,Nubank,débito
1593,"1332,91",17/10/2025,23:36,Nubank,débito
1594,"962,34",10/05/2025,05:13,Nubank,crédito
1595,"1131,67",09/07/2025,13:00,Nubank,débito
1596,"1411,14",17/03/2025,02:02,BB,débito
1597,"1208,64",18/02/2025,09:55,Caixa,Pix
1598,"930,57",08/03/2025,15:17,Caixa,débito
1599,"985,69",06/01/2025,22:35,Caixa,crédito
1600,"322,48",22/01/2025,09:44,Nubank,débito
1601,"1392,66",04/04/2025,06:40,Nubank,Pix
1602,"613,41",24/11/2025,16:11,BB,Pix
1603,"890,61",23/09/2025,19:47,Nubank,Pix
1604,"204,73",17/06/2025,15:04,BB,crédito
1605,"878,44",30/09/2025,23:39,BB,débito
1606,"1365,26",18/07/2025,04:25,Caixa,débito
1607,"667,65",08/08/2025,00:50,BB,Pix
1608,"6,5",07/06/2025,10:51,BB,Pix
1609,"376,39",14/05/2025,19:36,Caixa,crédito
1610,"1480,42",30/06/2025,18:55,Nubank,crédito
1611,"1022,62",16/08/2025,14:27,Nubank,Pix
1612,"885,01",12/06/2025,02:32,Nubank,débito
1613,"689,4",27/10/2025,11:50,Nubank,crédito
1614,"531,44",16/11/2025,12:42,Nubank,crédito
1615,"396,1",31/10/2025,17:47,Nubank,crédito
1616,"638,86",08/01/2025,14:06,BB,Pix
1617,"424,82",07/09/2025,23:36,BB,crédito
1618,"1389,94",16/08/2025,19:06,Caixa,Pix
1619,"713,56",10/02/2025,13:15,Nubank,crédito
1620,"1055,09",16/09/2025,06:58,BB,débito
1621,"878,12",30/12/2025,16:22,Nubank,crédito
1622,"181,27",17/09/2025,17:32,Nubank,crédito
1623,"590,19",13/02/2025,10:21,BB,Pix
1624,"156,82",22/03/2025,12:03,Caixa,débito
1625,"1149,84",11/05/2025,06:58,Caixa,crédito
1626,"1304,13",11/09/2025,02:21,Caixa,débito
1627,"726,63",08/05/2025,11:51,Nubank,Pix
1628,"194,72",28/04/2025,12:50,Caixa,crédito
1629,"734,42",20/07/2025,06:17,Nubank,crédito
1630,"751,25",29/08/2025,05:31,Caixa,Pix
1631,"1053,17",21/03/2025,10:51,BB,crédito
1632,"450,08",07/05/2025,06:55,BB,crédito
1633,"595,2",27/08/2025,06:30,BB,Pix
1634,"789,17",14/12/2025,09:04,BB,Pix
1635,"300,55",25/04/2025,09:32,Nubank,crédito
1636,"908,45",19/07/2025,01:34,Caixa,Pix
1637,"578,14",24/05/2025,05:17,BB,crédito
1638,"432,48",11/12/2025,04:07,BB,Pix
1639,"236,35",07/01/2025,23:33,Nubank,crédito
1640,"308,96",30/01/2025,00:05,Caixa,débito
1641,"150,55",18/06/2025,16:13,Nubank,crédito
1642,"222,9",21/01/2025,06:16,BB,débito
1643,"806,3",06/07/2025,03:41,Nubank,débito
1644,"1320,93",09/07/2025,20:28,Nubank,débito
1645,"1246,31",01/01/2025,05:33,Caixa,crédito
1646,"356,19",26/02/2025,19:28,Caixa,Pix
1647,"76,88",26/06/2025,21:56,Caixa,Pix
1648,"365,3",27/09/2025,03:42,BB,crédito
1649,"297,25",07/04/2025,05:04,BB,débito
1650,"1479,2",02/01/2025,04:24,BB,crédito
1651,"1253,95",11/09/2025,11:59,BB,débito
1652,"711,84",19/05/2025,23:20,Caixa,Pix
1653,"578,03",29/03/2025,05:32,Caixa,Pix
1654,"1129,35",20/07/2025,03:22,Caixa,débito
1655,"1173,89",17/08/2025,07:10,BB,Pix
1656,"135,92",12/06/2025,15:19,Nubank,crédito
1657,"806,02",31/10/2025,01:59,Caixa,crédito
1658,"1364,09",29/12/2025,04:32,BB,débito
1659,"752,34",01/12/2025,02:54,Nubank,crédito
1660,"694,45",12/10/2025,11:52,BB,Pix
1661,"429,74",17/11/2025,04:58,BB,Pix
1662,"1340,96",27/06/2025,04:54,Caixa,Pix
1663,"1259,39",25/09/2025,20:53,Nubank,débito
1664,"739,15",02/04/2025,02:47,Caixa,crédito
1665,"31,66",26/08/2025,18:40,Caixa,Pix
1666,"344,7",20/06/2025,10:53,Caixa,Pix
1667,"512,4",17/02/2025,03:47,Nubank,débito
1668,"464,94",04/07/2025,19:53,BB,débito
1669,"1431,33",01/03/2025,16:07,Nubank,Pix
1670,"1432,87",12/06/2025,07:06,BB,Pix
1671,"1380,38",29/04/2025,22:03,Caixa,Pix
1672,"702,68",16/04/2025,15:59,BB,Pix
1673,"805,51",04/11/2025,00:49,Caixa,crédito
1674,"184,23",27/09/2025,22:13,Caixa,débito
1675,"1094,73",14/09/2025,08:04,Caixa,crédito
1676,"753,93",30/11/2025,03:21,BB,crédito
1677,"41,74",21/07/2025,14:20,Nubank,débito
1678,"950,59",03/11/2025,21:01,BB,débito
1679,"293,62",26/07/2025,10:42,BB,débito
1680,"632,85",02/12/2025,05:52,Nubank,débito
1681,"69,59",02/08/2025,13:40,Caixa,Pix
1682,"1014,22",17/08/2025,23:42,Nubank,crédito
1683,"1424,94",03/11/2025,11:48,BB,Pix
1684,"1133,53",17/04/2025,13:22,Nubank,débito
1685,"316,19",29/05/2025,21:56,Nubank,débito
1686,"814,26",17/09/2025,08:43,Nubank,crédito
1687,"836,8",19/11/2025,14:40,Caixa,débito
1688,"309,35",02/05/2025,21:24,Caixa,débito
1689,"1328,69",20/06/2025,04:49,Nubank,crédito
1690,"482,42",05/12/2025,08:27,Nubank,Pix
1691,"28,25",16/11/2025,07:58,BB,crédito
1692,"825,01",26/02/2025,13:38,Nubank,débito
1693,"1065,72",02/05/2025,15:03,Caixa,crédito
1694,"669,51",07/11/2025,18:00,Caixa,crédito
1695,"308,64",23/11/2025,08:40,Nubank,débito
1696,"823,63",04/10/2025,14:26,Nubank,Pix
1697,"300,46",08/05/2025,10:01,Caixa,crédito
1698,"1348,66",23/06/2025,15:01,Nubank,débito
1699,"290,96",24/02/2025,01:15,BB,crédito
1700,"187,86",26/06/2025,22:57,Nubank,crédito
1701,"1257,4",22/03/2025,15:32,Nubank,crédito
1702,"80,07",30/03/2025,23:39,BB,Pix
1703,"300,99",29/09/2025,21:03,BB,Pix
1704,"413,32",17/06/2025,00:07,Caixa,crédito
1705,"1124,19",09/02/2025,19:58,Nubank,Pix
1706,"1341,42",19/10/2025,12:19,Nubank,Pix
1707,"189,15",08/10/2025,05:39,Nubank,Pix
1708,"901,08",18/08/2025,12:42,Caixa,crédito
1709,"930,28",23/03/2025,15:33,BB,Pix
1710,"118,47",30/03/2025,18:29,BB,Pix
1711,"1292,81",09/08/2025,20:33,Caixa,débito
1712,"1390,85",06/07/2025,21:28,Caixa,débito
1713,"875,88",17/08/2025,12:41,BB,débito
1714,"1088,43",06/04/2025,05:01,BB,crédito
1715,"933,78",24/01/2025,13:57,Nubank,Pix
1716,"866,72",12/06/2025,05:08,Caixa,crédito
1717,"463,44",17/12/2025,10:47,Nubank,Pix
1718,"1252,94",24/11/2025,15:18,Caixa,crédito
1719,"749,17",14/11/2025,01:19,BB,débito
1720,"834,77",19/08/2025,17:38,Nubank,Pix
1721,"1114,38",02/10/2025,06:05,Caixa,crédito
1722,"475,43",05/04/2025,13:03,Caixa,débito
1723,"1041,03",23/12/2025,21:46,Nubank,crédito
1724,"112,85",23/03/2025,17:56,Nubank,Pix
1725,"944,75",09/03/2025,11:10,BB,débito
1726,"529,68",27/10/2025,04:23,BB,crédito
1727,"816,37",13/11/2025,12:57,BB,débito
1728,"779,45",16/05/2025,00:01,Nubank,débito
1729,"548,83",02/09/2025,18:45,Nubank,crédito
1730,"1261,63",14/11/2025,21:20,BB,crédito
1731,"875,16",19/04/2025,06:46,Caixa,crédito
1732,"517,53",15/01/2025,17:06,Caixa,Pix
1733,"706,83",02/01/2025,04:16,Caixa,crédito
1734,"735,76",18/01/2025,13:52,BB,Pix
1735,"1157,72",12/04/2025,06:47,Caixa,Pix
1736,"159,11",16/02/2025,19:23,Caixa,Pix
1737,"1266,91",15/04/2025,12:38,Caixa,crédito
1738,"120,81",12/07/2025,15:39,Nubank,Pix
1739,"821,07",17/06/2025,17:24,BB,crédito
1740,"1118,66",17/08/2025,15:16,Nubank,Pix
1741,"1378,26",27/04/2025,16:17,BB,débito
1742,"613,56",20/08/2025,06:07,Nubank,crédito
1743,"826,34",14/01/2025,17:34,Nubank,crédito
1744,"1414,8",12/07/2025,06:53,BB,Pix
1745,"1117,6",01/11/2025,09:35,BB,crédito
1746,"1325,91",15/12/2025,21:24,Caixa,crédito
1747,"651,16",17/07/2025,19:29,Caixa,Pix
1748,"582,33",05/11/2025,11:35,BB,crédito
1749,"326,05",22/07/2025,19:34,Caixa,Pix
1750,"474,39",30/01/2025,05:56,Caixa,crédito
1751,"1057,86",02/10/2025,02:39,BB,débito
1752,"87,6",13/11/2025,03:10,Nubank,crédito
1753,"1111,6",16/08/2025,23:00,BB,débito
1754,"505,49",23/06/2025,12:43,Nubank,débito
1755,"519,27",16/04/2025,07:02,Caixa,crédito
1756,"1429,07",11/11/2025,00:12,Caixa,débito
1757,"83,92",31/08/2025,03:10,BB,débito
1758,"809,7",20/06/2025,08:20,Caixa,crédito
1759,"717,98",28/06/2025,04:52,BB,crédito
1760,"1162,59",10/10/2025,19:40,Nubank,Pix
1761,"1026,56",07/05/2025,03:42,BB,Pix
1762,"726,03",28/02/2025,13:31,Caixa,Pix
1763,"447,46",17/03/2025,16:54,BB,Pix
1764,"813,29",06/06/2025,22:55,BB,crédito
1765,"1044,99",27/06/2025,15:04,Nubank,débito
1766,"266,53",30/07/2025,16:51,BB,débito
1767,"1153,24",10/03/2025,01:37,BB,Pix
1768,"724,4",03/09/2025,16:11,Nubank,débito
1769,"557,35",02/06/2025,00:00,Caixa,crédito
1770,"524,81",02/06/2025,14:45,BB,Pix
1771,"380,21",05/06/2025,05:37,Caixa,crédito
1772,"1024,64",20/10/2025,21:59,Caixa,débito
1773,"1392,33",01/06/2025,14:29,Caixa,débito
1774,"159,42",24/08/2025,23:11,Caixa,crédito
1775,"776,5",04/07/2025,16:56,Nubank,crédito
1776,"850,95",25/02/2025,14:52,Nubank,Pix
1777,"654,29",25/07/2025,14:48,Nubank,crédito
1778,"839,82",05/01/2025,10:50,Caixa,débito
1779,"397,18",12/08/2025,12:50,BB,Pix
1780,"1421,33",09/01/2025,14:10,Nubank,débito
1781,"561,04",25/09/2025,00:26,Caixa,crédito
1782,"710,2",21/03/2025,09:16,BB,crédito
1783,"5,92",15/06/2025,16:08,BB,crédito
1784,"339,02",28/09/2025,16:03,Caixa,crédito
1785,"1264,7",01/07/2025,02:49,Caixa,crédito
1786,"498,78",27/03/2025,04:34,BB,débito
1787,"687,15",04/04/2025,11:41,Nubank,débito
1788,"506,42",06/03/2025,01:45,BB,Pix
1789,"94,23",16/02/2025,07:39,BB,crédito
1790,"904,45",17/03/2025,19:00,Caixa,Pix
1791,"1272,73",10/07/2025,15:54,Nubank,Pix
1792,"948,61",20/06/2025,19:54,Caixa,Pix
1793,"1025,6",19/04/2025,01:04,BB,débito
1794,"750,3",25/02/2025,21:24,Nubank,Pix
1795,"1180,95",16/09/2025,18:38,Nubank,Pix
1796,"1314,19",10/10/2025,19:39,Nubank,crédito
1797,"733,66",19/05/2025,20:47,BB,Pix
1798,"1152,55",13/02/2025,05:13,Nubank,crédito
1799,"641,03",17/08/2025,16:54,Nubank,crédito
1800,"347,7",10/06/2025,03:01,BB,Pix
1801,"997,46",30/05/2025,08:26,Nubank,débito
1802,"1389,1",07/04/2025,09:51,Caixa,crédito
1803,"61,12",18/06/2025,10:10,Nubank,crédito
1804,"1031,64",14/04/2025,21:34,BB,crédito
1805,"108,74",27/10/2025,04:15,Nubank,débito
1806,"1398,3",04/02/2025,00:21,BB,débito
1807,"80,49",11/01/2025,00:32,Nubank,crédito
1808,"1171,61",06/04/2025,05:21,BB,crédito
1809,"1479,26",16/11/2025,06:58,Caixa,crédito
1810,"624,82",04/09/2025,06:44,Caixa,Pix
1811,"790,57",27/05/2025,14:53,Caixa,Pix
1812,"1151,93",20/06/2025,03:24,BB,Pix
1813,"1376,46",06/08/2025,16:59,Nubank,crédito
1814,"681,82",17/09/2025,08:16,Nubank,crédito
1815,"1271,17",07/01/2025,01:18,Caixa,débito
1816,"524,38",27/06/2025,00:57,Nubank,Pix
1817,"701,77",15/10/2025,05:44,Caixa,crédito
1818,"971,35",25/03/2025,21:04,BB,Pix
1819,"998,22",25/07/2025,12:34,Nubank,débito
1820,"550,74",08/07/2025,13:10,Caixa,débito
1821,"1297,21",28/02/2025,18:16,BB,crédito
1822,"775,55",01/06/2025,00:50,BB,débito
1823,"450,62",25/07/2025,21:41,Caixa,débito
1824,"111,83",25/01/2025,20:16,Caixa,débito
1825,"738,95",12/03/2025,19:18,Nubank,débito
1826,"354,03",11/05/2025,11:02,Nubank,crédito
1827,"505,87",15/09/2025,09:41,Nubank,débito
1828,"1331,44",21/01/2025,00:38,Nubank,crédito
1829,"223,53",04/12/2025,13:55,BB,débito
1830,"851,95",28/12/2025,06:42,Caixa,Pix
1831,"1123,34",14/01/2025,01:17,BB,débito
1832,"1134,73",16/04/2025,18:29,Caixa,débito
1833,"854,71",22/02/2025,07:28,Caixa,crédito
1834,"1165,9",19/09/2025,22:35,BB,débito
1835,"571,46",01/09/2025,14:02,Nubank,crédito
1836,"275,69",11/08/2025,20:12,BB,débito
1837,"992,29",02/03/2025,06:33,BB,crédito
1838,"1354,18",16/07/2025,13:33,BB,débito
1839,"286,83",16/02/2025,10:09,Nubank,Pix
1840,"1006,45",24/03/2025,16:55,Caixa,crédito
1841,"851,15",11/04/2025,16:05,Caixa,débito
1842,"17,78",24/08/2025,10:49,Nubank,Pix
1843,"754,91",16/08/2025,19:52,Nubank,Pix
1844,"253,1",02/11/2025,15:04,BB,débito
1845,"1223,21",27/07/2025,07:35,Nubank,débito
1846,"332,51",25/06/2025,14:21,Caixa,débito
1847,"1449,2",29/04/2025,00:03,BB,crédito
1848,"1477,41",16/07/2025,15:43,BB,débito
1849,"168,6",12/09/2025,20:33,Nubank,Pix
1850,"1144,57",23/11/2025,07:59,Caixa,crédito
1851,"160,99",13/02/2025,12:30,BB,Pix
1852,"1116,86",17/03/2025,05:01,Nubank,crédito
1853,"1432,84",27/05/2025,08:32,Caixa,Pix
1854,"1484,25",03/11/2025,10:39,Caixa,crédito
1855,"165,71",27/06/2025,02:57,BB,Pix
1856,"870,63",29/05/2025,11:47,BB,crédito
1857,"747,12",29/01/2025,11:47,Nubank,Pix
1858,"1385,34",16/07/2025,11:09,Nubank,crédito
1859,"280,57",03/11/2025,05:01,Caixa,crédito
1860,"503,98",01/06/2025,17:15,Caixa,débito
1861,"452,96",04/11/2025,19:29,BB,débito
1862,"1244,35",14/05/2025,07:07,BB,Pix
1863,"380,3",17/07/2025,01:40,Caixa,débito
1864,"141,02",14/11/2025,13:36,BB,débito
1865,"654,3",20/08/2025,06:05,Nubank,Pix
1866,"679,89",02/08/2025,14:04,Caixa,Pix
1867,"772,12",20/05/2025,10:26,Caixa,crédito
1868,"671,75",23/09/2025,14:33,Caixa,débito
1869,"1472,69",13/01/2025,14:00,BB,Pix
1870,"737,09",12/04/2025,01:46,BB,Pix
1871,"1331,26",11/04/2025,08:17,Caixa,débito
1872,"228,6",02/04/2025,04:56,BB,crédito
1873,"1457,03",12/09/2025,20:01,Nubank,Pix
1874,"437,02",17/02/2025,05:06,Caixa,crédito
1875,"135,59",12/09/2025,05:23,BB,Pix
1876,"1459,12",19/09/2025,21:45,Nubank,crédito
1877,"1070,74",30/11/2025,16:31,Caixa,crédito
1878,"665,39",09/01/2025,17:53,Caixa,Pix
1879,"1081,07",14/06/2025,14:52,BB,Pix
1880,"752,11",17/01/2025,21:43,BB,débito
1881,"1292,32",04/03/2025,16:53,Caixa,Pix
1882,"1069,46",19/05/2025,11:32,BB,crédito
1883,"715,87",13/01/2025,05:21,BB,débito
1884,"186,5",16/02/2025,23:54,Caixa,crédito
1885,"1289,17",06/10/2025,10:17,Caixa,Pix
1886,"104,68",07/02/2025,08:12,Nubank,Pix
1887,"1096,29",07/09/2025,22:24,Nubank,débito
1888,"130,52",18/10/2025,11:53,Caixa,crédito
1889,"1453,2",26/11/2025,20:20,Caixa,crédito
1890,"1484,9",22/10/2025,00:38,Nubank,Pix
1891,"419,91",14/05/2025,11:23,Caixa,Pix
1892,"669,58",19/01/2025,19:32,BB,Pix
1893,"339,28",08/03/2025,23:17,Caixa,Pix
1894,"1293,36",31/01/2025,20:41,Caixa,débito
1895,"931,7",22/12/2025,18:25,Caixa,crédito
1896,"1041,11",06/08/2025,03:47,Caixa,Pix
1897,"503,31",08/07/2025,22:52,BB,débito
1898,"488,78",25/04/2025,17:55,Caixa,Pix
1899,"1425,24",01/05/2025,20:22,Caixa,crédito
1900,"306,91",27/05/2025,17:03,Nubank,Pix
1901,"226,75",29/05/2025,19:24,Caixa,Pix
1902,"1022,64",11/06/2025,11:29,Nubank,débito
1903,"623,91",25/04/2025,00:46,BB,débito
1904,"1477,93",19/12/2025,09:26,BB,Pix
1905,"549,64",22/12/2025,11:52,BB,crédito
1906,"1201,93",09/12/2025,02:16,Caixa,Pix
1907,"1486,37",10/01/2025,23:04,Nubank,Pix
1908,"1051,35",07/03/2025,02:04,Nubank,Pix
1909,"1376,41",23/07/2025,12:58,BB,Pix
1910,"244,97",01/10/2025,16:51,Nubank,débito
1911,"460,78",20/08/2025,08:02,Caixa,crédito
1912,"957,57",11/09/2025,14:29,Caixa,débito
1913,"94,96",19/07/2025,15:58,Nubank,crédito
1914,"1200,47",01/11/2025,05:03,Nubank,Pix
1915,"485,88",21/04/2025,03:25,Nubank,crédito
1916,"203,78",19/05/2025,03:29,Caixa,Pix
1917,"669,81",29/07/2025,03:13,Caixa,Pix
1918,"1359,47",09/09/2025,19:02,Nubank,Pix
1919,"968,32",29/11/2025,14:33,Caixa,débito
1920,"602,47",20/04/2025,04:43,Nubank,Pix
1921,"1103,78",13/03/2025,00:04,Nubank,débito
1922,"533,16",20/06/2025,07:39,BB,crédito
1923,"962,81",27/09/2025,07:53,Nubank,crédito
1924,"1208,74",18/05/2025,08:06,Caixa,Pix
1925,"695,32",09/07/2025,13:43,Caixa,débito
1926,"1218,41",29/07/2025,16:52,BB,débito
1927,"742,82",12/08/2025,01:14,Nubank,débito
1928,"1387,74",02/10/2025,05:31,Nubank,débito
1929,"1403,06",25/11/2025,13:35,Caixa,débito
1930,"397,25",02/02/2025,15:34,Nubank,débito
1931,"1221,48",12/11/2025,00:44,Caixa,débito
1932,"1165,26",04/08/2025,07:06,BB,crédito
1933,"34,51",14/10/2025,20:06,Caixa,crédito
1934,"752,41",06/12/2025,05:45,Nubank,débito
1935,"318,47",09/05/2025,19:46,Caixa,crédito
1936,"1323,48",27/10/2025,20:23,Caixa,Pix
1937,"427,55",01/11/2025,00:04,Caixa,débito
1938,"823,31",09/09/2025,14:58,Caixa,débito
1939,"442,11",12/05/2025,05:00,Caixa,crédito
1940,"759,67",24/12/2025,10:57,Nubank,Pix
1941,"792,99",13/12/2025,02:41,Caixa,crédito
1942,"411,48",29/10/2025,13:29,Caixa,débito
1943,"1340,19",30/07/2025,02:55,Caixa,crédito
1944,"515,72",26/04/2025,05:59,Caixa,débito
1945,"981,56",04/10/2025,15:09,Nubank,débito
1946,"126,89",18/08/2025,22:57,BB,débito
1947,"1448,08",21/11/2025,09:41,BB,débito
1948,"183,47",05/05/2025,00:31,BB,Pix
1949,"1156,97",11/12/2025,07:52,Caixa,débito
1950,"1258,8",09/02/2025,01:14,Nubank,Pix
1951,"1365,86",19/04/2025,19:39,Nubank,crédito
1952,"258,29",25/08/2025,21:54,BB,crédito
1953,1167,16/06/2025,11:16,BB,débito
1954,"422,68",16/09/2025,01:13,Caixa,Pix
1955,"725,06",24/05/2025,14:06,BB,débito
1956,"888,39",16/12/2025,02:53,BB,débito
1957,"559,62",21/02/2025,11:36,Caixa,débito
1958,"418,95",26/06/2025,05:54,Caixa,débito
1959,"922,19",29/03/2025,22:40,Nubank,débito
1960,"1235,03",07/11/2025,15:04,Caixa,Pix
1961,"1064,1",27/05/2025,07:12,Nubank,Pix
1962,"208,59",01/05/2025,06:22,Caixa,Pix
1963,"205,44",08/06/2025,23:24,Nubank,Pix
1964,"33,93",02/12/2025,01:27,BB,Pix
1965,"616,94",12/04/2025,06:02,BB,Pix
1966,"890,59",25/07/2025,06:09,Nubank,crédito
1967,"119,06",28/11/2025,17:58,BB,débito
1968,"155,7",10/01/2025,03:11,Caixa,Pix
1969,"70,41",10/04/2025,01:06,Nubank,Pix
1970,"876,26",25/10/2025,16:31,Caixa,Pix
1971,"406,88",24/11/2025,14:29,Caixa,Pix
1972,"905,24",18/05/2025,23:13,BB,débito
1973,"1260,06",30/04/2025,16:15,Caixa,débito
1974,"587,74",01/06/2025,07:54,BB,crédito
1975,"913,1",17/04/2025,23:01,Nubank,Pix
1976,"546,98",12/07/2025,10:26,BB,débito
1977,"508,61",01/08/2025,18:33,Nubank,débito
1978,"197,61",01/07/2025,06:56,Nubank,débito
1979,"871,5",05/03/2025,07:34,Caixa,débito
1980,"536,93",19/11/2025,16:24,Nubank,crédito
1981,"1178,67",12/04/2025,13:18,Caixa,débito
1982,"619,74",18/03/2025,23:54,BB,crédito
1983,"1293,43",17/07/2025,22:44,BB,crédito
1984,"123,14",11/01/2025,15:55,BB,débito
1985,"854,04",28/05/2025,07:20,Caixa,crédito
1986,"721,77",14/03/2025,17:25,Caixa,débito
1987,"1080,99",25/09/2025,04:29,Caixa,débito
1988,"1352,05",28/07/2025,13:22,BB,débito
1989,"870,45",31/07/2025,09:51,BB,crédito
1990,"847,58",06/05/2025,22:20,Caixa,crédito
1991,"1262,1",18/10/2025,19:10,Caixa,débito
1992,"1133,67",18/01/2025,07:43,Nubank,Pix
1993,"1037,23",24/09/2025,23:10,Nubank,crédito
1994,"234,3",17/01/2025,21:54,Caixa,Pix
1995,"179,16",04/02/2025,10:24,BB,crédito
1996,"99,63",06/06/2025,21:45,Nubank,crédito
1997,"688,75",12/09/2025,07:30,Nubank,débito
1998,"1030,1",19/06/2025,22:55,Caixa,Pix
1999,"1040,98",16/06/2025,13:37,Nubank,crédito
2000,"197,24",26/03/2025,04:44,Nubank,Pix